x1,x2,x3,x4,x5,x6,y
0.42919102154517125,0.1082190394332042,-0.8533876543439262,-1.0,0.6970463503091364,1.0,3.8965144051661964
-0.6411529612928903,-0.21922911509716247,-0.6596801620002681,-1.0,-0.4106444932802218,-1.0,2.316948219608525
0.4635907789466651,-0.7268724662358469,-0.1405111874913526,1.0,0.3944517058654662,-0.3952660225788775,-0.34766562183987626
0.8963066056811193,-0.2771740277360357,0.6506638923078885,0.5194752252855284,0.8703925587092691,-0.10543426853432543,-2.779022191913379
-0.20714890110224604,-0.6854483505408747,-0.6478594617853723,-0.2217391889363538,0.7346969539378878,0.08005858433222174,-0.3792883685378265
1.0,0.14661511792869097,1.0,1.0,0.5436428086565263,-0.5013748036953438,-1.7706556345096316
0.07747484586586652,1.0,-1.0,-1.0,-1.0,0.056684260482896986,4.583079292441642
-1.0,1.0,-0.05863019124549762,0.32231912939061547,0.36990317245416315,0.647056766635582,1.630306847122265
-0.12293594603105795,-1.0,-0.9241925371101084,-0.7517690713489906,-0.7748436717892975,-0.6517467331953501,0.37176000180569324
-0.2631094720434868,0.1791795062705691,0.16961353555929437,0.053930816976958965,0.4884721487472092,0.8645440682223173,1.8905332733533562
-0.9371730044345712,-0.10285515423007434,-0.10857087592039316,0.32969296661221226,-1.0,1.0,-0.7704894953310468
-0.0876238347428766,0.32940744874659034,-1.0,-1.0,1.0,0.4850259533503656,2.8086554053538384
0.7542294363188771,0.6539195663785521,-0.4623605005650635,0.3682158612052914,-0.7095441418065533,-0.9492432432871661,3.8506942251147995
-0.31789629021431165,-0.9746485424437401,-1.0,-1.0,-0.052993835540758205,-0.24230832414976855,-3.8867891231088385
-0.4117064144558541,-0.6988537331915554,0.9730744069188194,-0.2655106885345341,-1.0,0.032014937418766765,-0.9730970151225615
-1.0,-1.0,-1.0,-1.0,0.17817477985065044,0.36042343661882337,-6.7536946720518625
0.6129027711343615,-1.0,1.0,0.2863728659309543,-0.9715402984805328,-1.0,7.797867653458998
1.0,1.0,-0.1896956597126846,-0.715807568391859,0.2420690119473876,0.7503530880986542,3.3999098901741616
-0.3209647353954552,-1.0,-1.0,0.4609684504622553,1.0,1.0,4.885973782193442
-1.0,-1.0,-0.10863960356204139,-0.4611777375971362,1.0,1.0,4.213255446364116
0.733436699542608,-1.0,-1.0,-1.0,-0.5205805956758912,-0.4116367298971373,3.9331689389628033
-0.9253580094213043,-1.0,-0.5444590987422788,-0.45314281628800135,-1.0,-1.0,1.2778880157033121
0.578450220184422,0.5525830876767468,1.0,0.02564881115748119,1.0,1.0,-1.9203420705716607
-0.5311311652658455,-1.0,-0.054641638396266456,0.12773642602356805,-1.0,-1.0,0.9767345235135027
-0.4958616358564416,-0.5558571217676125,-1.0,0.7128471395935102,-0.9527802651938285,-0.32950026157516377,-3.688862043088229
-0.7972282216829412,0.17559727869591268,-1.0,-0.7932055913610121,0.9439640111267938,-0.026263704084260153,-0.270613083583492
1.0,0.7258561414803939,0.5113668084695164,0.6113379528715115,0.350991929802689,0.1534882355776499,-1.62320721664181
0.23327461848863415,-0.6684223020152064,0.3257467909120902,0.341714521326625,-1.0,-0.7645397541891252,3.441178370299125
-0.7020066698082119,1.0,0.28286515860185524,-1.0,0.5617967725860085,1.0,3.4950672052458525
-1.0,-0.6335211554585017,-1.0,0.21951593536184477,0.7399834688853415,-0.6355933323821631,0.4670251663521907
-1.0,0.7175281153125337,0.25852942027191284,0.9273109679162626,0.41790883597258466,1.0,0.630489160677666
0.34959103491550914,0.996705915162748,0.15115924385890245,1.0,-1.0,-0.7346898318861043,5.223571078083874
0.5216167645241612,-0.06489085611294587,-0.23415451241476237,-0.4772058281309396,0.16282574799780702,-0.03711687421262999,0.7290757448806459
0.35965792612560366,-0.24089987083681286,1.0,0.41870698772475934,1.0,-0.4831408296685151,-0.34817450477638845
0.05900070204846386,0.31489231077856195,0.8988100795382481,1.0,-0.6060882621970374,0.2734066784081852,-0.9184182453591734
1.0,0.24915870855143019,1.0,0.07413478898656312,0.8503848341662095,-1.0,-1.7933227125651607
0.15797636654353925,0.39921442429887966,1.0,0.5481076107560912,0.5462497965724111,0.5871406422356565,-2.689691437455193
0.40100963795195965,-0.0695917839116714,0.6338410856797099,-0.6267583806080885,-0.24559869118542976,-0.32823200062273106,0.2557732373113688
0.5887592897779995,-1.0,0.5122521777917941,-0.8957814111054879,0.24377890539519972,-0.42065969894047195,3.5598812119888628
-1.0,0.14777842960557397,-1.0,-1.0,-1.0,-0.3037530261698016,-1.9805324403189475
1.0,0.7009286274184816,0.6811827336549519,0.1764183236188519,-0.5021888381813158,0.17641428057130826,-0.2721420546714919
1.0,1.0,0.4896385081426833,0.7884659096305258,-0.2730667124454348,1.0,1.139478034775867
0.1692595590750232,0.5063866135380222,0.5797503427646484,0.23634750069004973,-0.10790816072675546,-1.0,3.2168215826707307
-1.0,-1.0,-0.4059810241269195,-1.0,-0.7112321782411992,-0.25726560833584666,0.10285275044317815
0.13875187075046114,0.04333374466430562,1.0,1.0,0.4851405783513397,0.22127869240706,-1.3085811630066493
-0.33202261540995937,-0.9462425259618482,0.25269017881206113,-1.0,-1.0,-0.19118212973874904,5.947367810602706
-0.6655367371441478,-0.47099621493442956,-1.0,-0.6264302827719317,-0.15852153013447068,1.0,5.577615852155368
-1.0,-0.22249089228273,-1.0,-1.0,-0.10796851810299035,-0.20776499259910508,-1.7358249650282138
0.9745325356911883,0.5768871035575236,1.0,0.2548905770770069,-0.653998833063834,-0.9501919331600355,4.265827756506531
-0.9312908383953262,-0.4026150025109687,-1.0,-1.0,0.4141569096776828,0.43916564883380826,-1.3961824473581912
0.7237735168688016,-0.45198186239580807,-0.46634016735352246,-1.0,-0.8932400051572069,-0.8448876088077284,7.383304826322327
-0.3148268297905673,-0.5700849380502748,0.6546632450328338,0.23032725578577623,-0.6962347045835393,-0.7442195733757846,1.5567575683974582
-0.03675236212862032,-0.13129503372410967,-0.21227773890834462,-0.3139340906139765,0.9520451074491576,0.42582918112133306,0.6144191059096157
-0.026041841446401648,1.0,0.6000073515811384,-0.40816837880047385,0.5657555547000688,0.18761670857882595,-0.06245065370828318
-0.1508204749458364,0.32021507798649584,0.5998604703796699,1.0,1.0,0.8897887004194294,1.9959747998826207
-1.0,-1.0,-0.9833474127310183,-1.0,1.0,-1.0,2.4974093762289282
-0.14202227206260154,1.0,1.0,-0.16983384759284526,-0.001957003062640905,1.0,-2.0544700651380134
-0.9478848745160727,0.36150881723569006,-0.09179422585045782,-0.22219379918966325,-1.0,0.18058540035278986,-2.324461909302869
-0.18702462870301584,-0.6961267323421784,-0.8476638847382665,0.7357905552606072,0.6809481037972864,1.0,5.857603094150415
1.0,0.9036548806824116,-0.8115949495681104,1.0,1.0,0.7659190465605286,-1.9403215706058519
-0.7679701647382352,1.0,-0.9699696808419009,0.0314044503799511,0.61355754336642,0.6676626920178276,8.27468416504986
1.0,0.1366241282294569,0.30949973796550956,0.30741019627635424,1.0,-0.37733652298017684,-1.255058808287103
0.47985090943918207,0.0066553390337888985,0.06362270869330311,1.0,-1.0,-1.0,6.56565840683068
-0.18363810905715267,-0.6754175604219319,0.3124177579038102,-0.48565491642261405,-1.0,-0.848961909628593,2.8244922528239136
-1.0,-0.7918591025745065,-1.0,-1.0,-0.020542095506300928,-0.5369950558556337,-2.281124633025234
0.004360846265628215,0.0493694795760162,0.0484527831469726,-0.08426915766293522,-1.0,-0.5930929398314329,0.43411518269800425
0.12779656807365922,-1.0,0.42134724411574287,-0.5173169294469999,0.12801290211708216,-0.1708050880346822,1.6113208160395767
1.0,0.3132160519812759,1.0,0.8353681304832965,0.4830116827970845,-0.6016546721971983,-0.28985195328186064
0.3266939452427641,0.9610768128137822,0.2951274454361287,0.07672838339004406,1.0,0.13440414252424965,-0.6797783389857801
0.38882231023536445,0.005093685364010225,-1.0,-1.0,-0.7903205621268913,0.3236803758748713,1.4504403181588137
0.4298860106663817,0.3494478770929837,1.0,1.0,0.9633985256501405,-0.2383702331007832,-2.545647226837434
-0.16180995827862507,-0.5482549882236394,0.3453116151078106,-0.859434423192298,0.3279734592725491,0.87848013930128,-1.0193797035957048
-1.0,-1.0,-0.6911873936947103,0.042409828541709105,0.06630133080611311,-0.6426723047221508,-1.1967523522135615
0.3172100114076717,1.0,0.004447228348573695,0.07364562262372598,1.0,1.0,5.045924193905648
-1.0,0.7249164600261402,1.0,1.0,-0.6425155902753319,1.0,-6.981150553079232
-0.09625518348300552,-0.4634910421269005,-0.7784350217049872,-0.9183750776892022,0.3943937190572269,-0.12286238665442957,-0.8204379114332029
1.0,1.0,1.0,1.0,0.2460220504511271,0.39500126812826963,-5.7568264706360255
0.5358463783874414,-0.005251944328090535,-0.15882155800386866,-0.6864833933384977,-0.06829862084041743,-0.8920129732076202,3.9106022053003597
0.7541557273282631,-1.0,-0.3366910569393429,-0.9378814035160844,1.0,0.9688791618608457,-3.5241577019084147
-1.0,-0.8126342431086504,-0.1108521130060276,-1.0,-0.9336040484359056,0.03221655245556515,0.9931339601919729
-0.017700169238924646,0.7466740708549899,0.7491311306008608,-0.29506857506785034,0.0007218538818312137,-0.6530184033879853,-0.9427323281184667
-1.0,-1.0,-0.07655678405517796,-1.0,1.0,0.4797909499270745,0.9300978142290208
0.5360556017391163,1.0,-0.308124640223941,1.0,1.0,-0.42982860959835745,-0.8888638235242541
0.3527617354133721,1.0,1.0,0.5463350697589169,0.6171076953872343,-1.0,-2.5305738433409286
-0.7643617395573742,-0.43181591093557326,-1.0,-0.47923894265633327,0.620282284905437,0.8790829712125818,4.990218648454751
-0.2782483952734224,0.11934074757558055,-1.0,-0.8328575221522909,-0.28495002201927777,0.16173797564115278,-0.9123890864661967
1.0,0.2873333967837086,0.37978901890614125,1.0,1.0,1.0,-0.33814536359007724
-0.9336990891623629,-0.5202081930108944,-0.7557740589359743,-0.46443443942304424,0.653266822595972,0.512472811056341,0.8762373054289923
0.11458270315563313,-0.5698070215972821,-0.6252992927477887,-0.28444471544682437,-1.0,-0.8805572813528643,2.418432927444103
0.6014164754891136,1.0,1.0,1.0,1.0,1.0,-7.777460135338644
-0.11762214112067437,-0.9119404678370866,-0.5013460840397159,0.7691052414971253,1.0,1.0,5.211217858735722
-0.38354272491888675,-0.22575770854679034,-1.0,-1.0,1.0,0.1419399591701438,0.501787887635499
-1.0,0.8159848040980902,-1.0,0.4545880331200971,-1.0,-1.0,4.272284270855046
-0.8853953944790496,-0.0971019020934707,-0.7135474919904286,-1.0,0.21325509113161023,0.11351986918524748,-0.25453277083353115
0.4893510626586689,0.5670451353742657,-0.7007413014840631,-0.40112406363012204,1.0,-0.06632476053819963,-0.735058253748737
-1.0,-0.013585832927311525,0.04086653701927079,-1.0,-1.0,-0.3016958447268545,0.1606238494526683
-0.9616978619140173,0.3764083001382118,-1.0,-0.6918535298329507,-1.0,-0.04253010974056243,-2.1195418778405606
-0.45367704945937165,-0.7615523329513458,1.0,0.5187268304754667,1.0,0.07214719047197948,0.6471603628576676
-1.0,-1.0,-0.9704728800619957,-0.49817110384528807,0.5947588311054911,0.8370995369490702,-1.6918388291392423
-0.03347979805991819,1.0,0.2788910456426208,0.6871547689330748,0.8325071674850699,0.9794208794563433,2.4616024134089654
-0.7819687762690563,-1.0,-0.8577495465232419,-1.0,-1.0,0.8508063662677506,0.967435014356362
-0.777192980349257,-0.3041376760072574,-0.6433499132815538,-0.178980532028018,-0.8458090047639093,-0.695565001884765,-1.5529034253251917
-0.9024586019734337,-1.0,0.20624158600764553,-0.7279135265606396,-1.0,-1.0,5.099921806594975
0.1368380692200305,1.0,1.0,1.0,0.7588341013855373,1.0,-6.611542562877736
1.0,0.4721415098434202,-0.2467949728961668,0.3851571200912564,-0.29718551335367693,0.17317571938889065,0.25659536615698686
1.0,1.0,0.37661348580157195,0.14273575558845453,0.01673567923646943,1.0,1.25664598012653
-0.033377932249505804,0.8184835196661351,-0.3596162724889729,-1.0,-1.0,-1.0,1.1235711229665744
0.5997454142498932,1.0,0.2687530412200641,0.411556109469321,-0.33261112822342065,0.15495412702801947,0.15930970580202664
1.0,0.9626956054641924,0.24660713771231935,0.43841286455709566,-1.0,1.0,6.02647185175363
0.5067432991842876,-0.2396097871731384,-0.5065061238479417,1.0,-0.3958294846345557,-1.0,3.3506378008363686
0.07718960900656277,0.12006503373666644,0.3461347484410561,0.29328973152997484,-0.804510333650221,-0.20485082712818703,0.44257482840054924
0.7067136808471608,1.0,0.3814404666149115,0.884090265326823,-0.15839448069076031,-0.17962276240472363,0.7844975184882155
-1.0,-1.0,-0.33868811781951574,-0.11609668234571419,-1.0,-1.0,-0.09213204342539627
-1.0,-0.2279679065836438,0.2280973845233928,0.10602679243421381,-0.24066874469017896,-0.09536897847369252,-0.4950016174497616
0.07621512889369775,-0.32393843470980543,-1.0,-0.474010774152328,-1.0,-0.5315285554809097,-0.06314569385350816
0.45595270802339793,0.4110692500016948,0.011534716143182078,0.1641139710704208,-1.0,0.9525449593481965,4.944053816354427
1.0,0.6150880704334653,0.9863305809359636,0.904151012206414,-0.12970098944921915,-0.8808196521800209,2.0720618092279324
0.6478678215184934,-1.0,0.34532769762638316,-0.08864260909592231,-0.2995919074185167,1.0,2.7408634360626962
0.9558620136502582,1.0,-0.42146435571136626,-0.4389109192941009,-1.0,-0.16779585759423365,3.866593179227685
0.037086959337952474,0.10148500661854198,-0.17772545345500879,0.8696214851405142,-1.0,-1.0,2.8637203662702992
0.8357526558254286,0.16867358815241373,-0.9820153465345526,-1.0,-0.25792772693007154,-0.021322473287197607,0.15547079156240298
-0.3242908301349378,-0.6018763032010817,0.6054647603319916,-1.0,-0.8223433137654312,-0.7672629994918171,3.043853041468606
-0.3172099501867558,-1.0,-0.47061288827596215,-1.0,0.12886070530849603,-0.36049255295955823,-0.9168220911735128
-0.21578133903125238,-0.8240178670930122,-1.0,-0.253232883463955,-0.2886567626274217,-1.0,3.810145112464494
-0.6225976180702046,-0.2551087017867161,-0.8540765636634631,0.09688958699651695,0.46638115386803236,0.22699380031425714,0.10367379893381329
-0.8127393444916926,-0.9024383532592609,0.17076151719541793,0.09558393579278307,-0.29525250763119004,-0.26583670624568967,0.8782703286367125
-1.0,-1.0,-0.30770495577503776,-0.18140949225386205,0.8409295065302202,0.7324670967425568,1.7619349175076395
-1.0,-1.0,-0.41749671213326445,-1.0,1.0,0.8803027273066353,0.0999961846456845
0.6348553974829125,1.0,-1.0,1.0,-1.0,-0.19166344579348776,5.567764209149103
0.3176993994583843,0.9351167458048038,-0.1120049807735759,0.43112846665112575,0.5048466817764262,0.02291358160326984,-0.14883951479832486
1.0,0.2794806741359761,0.48672354035844867,0.3393656979392674,-1.0,0.7374728007029577,3.5474767272161114
-0.03754575697623701,-1.0,0.799715714764127,-0.5912231731429642,-0.960382634768562,-1.0,7.1724391983244375
-0.8630403452471325,-1.0,0.05223198244029448,-0.08470658355583544,-0.41463736599128576,1.0,-0.6832894857818126
0.7798475895660432,-0.6307115754202748,0.3155052186310052,0.44762099077749834,-1.0,-0.5753969406605137,5.789780769060119
1.0,0.7773083229954192,-0.8700080502077442,-1.0,0.12582422374093272,-0.3307454535325596,-0.19759739588802105
1.0,0.395335962209813,-0.19615940186480046,-0.0706671558807424,-0.6435617899493031,-1.0,5.505218151447728
-0.01067085554616326,-1.0,-1.0,-0.3031236900862983,0.3186421069099985,0.6612909065928665,-2.0667386547757696
-0.47631745640290357,-1.0,0.9882942998311846,-1.0,-0.16807387309649136,0.3990824376390003,-0.8153971992302547
0.9507144463431657,-0.0064796020814121835,0.17138964169519852,0.32977390571507204,-0.3913944006513905,-1.0,6.226705753684231
1.0,0.40583308882867414,0.687356834991232,0.4421503001206754,0.25561516705374004,0.729229353200341,-1.973871658593044
-0.481859513712333,-0.8940196314658256,0.45983719592502625,-1.0,1.0,1.0,1.1645249767816126
-0.4132747953046151,0.5641471695734703,0.13143563800282088,1.0,-1.0,-0.8949425761673309,2.6424275749826966
-0.30698068922571486,-0.6038935204032909,0.7727700131775708,1.0,-1.0,0.7690863447752916,-0.5666546701284372
-1.0,-0.5096297191099619,-0.1268570266934026,-1.0,-0.10655076364789773,-1.0,4.301359621596284
1.0,0.7597323921994907,-0.8327565679330093,0.5463951085331182,-0.5675352088287854,0.8952011328150016,5.825255336791637
-0.14782516414901203,-0.3093594774717956,-1.0,-0.497805584436235,-0.9871582035272057,-0.9277009438549576,-0.07391783873170299
0.7668250959148499,0.8193777643862992,1.0,1.0,-1.0,1.0,1.813208227463479
0.5974749925363186,0.4642406509857563,-1.0,-0.2075749290902394,-0.13892364387204903,-0.7588687477611001,0.07736781066687265
0.702790653547857,-0.09139989381041386,-0.7742315576406917,0.910588697712661,0.5527209887636781,0.7991786276475534,0.7976076531159838
-0.14323577171104596,-1.0,-0.37515029515542725,-0.46941801482655954,-0.825039655277162,-0.3769055929101055,1.2313429894977417
1.0,1.0,1.0,1.0,1.0,1.0,-10.674566977875184
0.30752096984429533,-0.05246674725544698,1.0,0.36236235496198865,0.4645266779968324,-0.20741914997219862,-0.9960489571010942
1.0,0.33520866098888025,1.0,1.0,-1.0,-0.959216512588368,8.685894429185058
-1.0,-0.45542071928452943,-1.0,-1.0,-1.0,-0.03333701968760061,-1.604255184520879
-1.0,-1.0,-1.0,0.14391921899018822,1.0,0.5304027802742357,-2.5406864212442075
0.24607640796614272,-1.0,-0.30407573090999773,0.7463617658724704,-0.11630603758572877,-0.3057503451142052,-1.221161293888494
-1.0,-0.2685657333753011,-1.0,-0.43716409501530284,0.8058502501585126,0.6354910849380495,2.3115700372450774
1.0,0.2172808316649979,0.26097264346572935,1.0,-0.18820670385870675,-0.012619006861896202,0.5712972508496575
-0.604294844556946,-0.3138831679171542,-1.0,-0.6688257082401582,0.5590835447448197,-0.8984197424371284,3.5694713179521793
-0.5408606525342312,1.0,1.0,1.0,0.41680030345545604,1.0,-6.837977962373792
-1.0,-0.9133231413522483,-0.494859246436265,-1.0,1.0,1.0,1.4717200153134677
0.22062422315888552,0.12375206814441087,1.0,1.0,0.022054012907269382,-0.3617468120088493,-0.6802554077939047
-0.3436390453556565,-1.0,-1.0,-0.8039884530013021,-0.6195805435037675,-0.1449397504901906,-2.4545778827407663
-0.12286218735109117,-1.0,-0.6724528118913702,-0.29725788201816505,1.0,0.5073615563603693,-1.5915777507880204
-0.005109323427964441,0.04876308690613962,1.0,0.8254475015240795,-0.39499365613703513,1.0,-2.462590102004814
-0.7508169271771911,-0.17984197358479448,-1.0,-1.0,1.0,-0.6154591597387122,2.1173418024629442
-0.887429541148989,-0.948137303479117,-1.0,0.30380236447695314,1.0,1.0,4.562529082197713
1.0,0.8246196064865761,0.3515492474724573,0.46085371693045407,-1.0,-0.7032372997200038,5.4116179191816265
-1.0,-1.0,-0.17344023466091207,-0.4776365220663945,0.5442321106075796,0.2683258898522325,-0.42665751929318885
-1.0,-0.4414649694953487,-0.5579319021909285,0.9275317454813934,1.0,1.0,7.84856367973543
-1.0,-0.49607977109322166,-1.0,-0.4170332107022394,0.6051698167384587,0.8146619912732105,3.7075912295186995
-1.0,-0.5471506631981062,-0.9689416058355991,-1.0,-0.5900038066533968,1.0,2.254051552206782
0.9072659029958065,0.31752182850863725,-0.537363151062116,0.057984166597134346,0.06752010818117982,-0.2760673976497289,0.3807985944656382
-0.589868380220347,-1.0,-0.13957779974540685,-0.185698063990263,-0.35602748383572647,-0.3999876409911553,0.5447268325271105
-1.0,-1.0,-1.0,-1.0,1.0,-0.5013450846218477,-4.639200293371239
0.4257170532969074,0.25687788688545377,0.8321507737646312,-0.7370539651364739,1.0,-1.0,0.6625227941819152
0.41426776592738945,-0.6356699081222712,-0.16174486804541854,0.5522758747806658,-0.7893942088619732,-0.8362110163161178,3.313589252861717
-0.6215291462445125,0.14980600318908632,-0.060050383762704385,0.21616548965227844,-0.690029013642492,-0.3903179958419005,-0.9610534692497563
-0.6641012877047561,-0.186765282931304,-1.0,-1.0,0.9008991157830869,0.18686612576339556,-0.032235754584858334
1.0,0.9431786461566243,1.0,1.0,0.01648728108871267,0.354299226705041,-2.23561216217879
0.3053255335225433,0.7260476207307451,1.0,0.7297747907111509,0.8627383407005359,1.0,-2.9784509383871685
-0.46623409155265705,-0.9639854894460721,0.48540199159622666,0.9322764468314368,1.0,1.0,3.1033286904261668
-0.04022332965944675,-0.3125861210632994,-0.34773792204282916,-0.7809640749529052,-0.11849199333530691,0.06885943672339861,0.02608605897361775
0.11050878698997132,-0.05221967605434574,0.42044879653331846,1.0,-0.03411015519087479,0.3571216687551353,0.23596399936730322
1.0,-0.6473792055877252,0.8885411769328542,1.0,-0.15018589673663513,-0.9884277866805359,4.589334644953524
0.36808798842953183,0.1616272806299158,0.5648827404152069,1.0,0.3565116961608423,1.0,0.7376049474991455
1.0,-0.09813059366617868,-0.38339887959663377,-0.9614119420428535,-1.0,-0.7731223115098927,7.29616663566053
-0.2607160493004818,-0.40045634436328054,-0.9475400675033296,-0.7667600951558173,0.43667545074655845,1.0,4.305588021118545
0.7752809198036101,1.0,0.02959260657777818,0.7376205191238058,-0.844343903775783,-0.5129761214087339,3.268480533625011
1.0,0.6986304162186221,1.0,0.7604670974684868,0.9196775999546304,0.601561736298428,-6.706756183180527
0.17835699046545628,0.8793515499435033,0.19077581252690012,0.4715812625194732,-1.0,-0.764568743316321,2.1975464811830276
1.0,1.0,1.0,1.0,-0.06958248137917994,-0.825355183873546,2.085631098787972
0.31349696641652475,0.04621965949675216,-0.19480823421125645,-0.3221048850556859,-1.0,-0.1949052498098709,0.46255883214581806
1.0,0.7570453368115974,1.0,1.0,-1.0,-0.560710456486996,6.164654651338446
0.029747685234127075,1.0,0.041479651037586385,0.8012684864316211,0.8711124023722254,0.7290725362172887,1.9831511143236282
0.15699083956103982,0.5271003445535363,1.0,-0.8406488460655448,-0.5622838965230523,0.4987565506062894,-0.6072598259168853
0.6614683224260682,1.0,1.0,1.0,-1.0,-1.0,5.754007873736196
0.5738982954381132,1.0,1.0,0.44634376403200005,-1.0,-0.11961865672791472,-0.29158615599381066
1.0,0.3100184906315979,0.4215881159995378,0.8431802364896004,0.7788375736786924,0.7656921913515029,-1.701018383533995
-0.9560436599919576,-1.0,-1.0,-0.32195834931985123,-0.7198202469651412,-0.1902008188980726,-4.739516525069988
0.7546588087399504,0.8532098548562228,0.6033347998518073,0.34160790182570144,-0.8925659039673765,-0.3236273907068805,0.7689003076854023
0.9966548718292007,0.519099363411167,0.7782424521224219,-0.100373006024709,-1.0,-0.23830531322043408,4.208741206429633
1.0,1.0,1.0,0.7449866255485458,-0.1425487909367744,-1.0,2.442941003172184
-0.3737553331306894,1.0,-0.3636271267464281,-0.5755167405057694,-1.0,1.0,7.362053813677711
-0.45327402691300267,-0.10259301135524734,-1.0,-0.6455574291086763,-0.7910404608861438,-0.2688498499615056,-2.0311836116907975
0.245495147972015,0.14511563443652212,0.7826298853655393,-0.39186610899704793,-0.42751948642260595,-1.0,3.5707132971288496
1.0,0.07497457079758801,-1.0,-0.4066403643918773,0.2521700566756572,-0.969170474016549,-0.11632829800558064
-1.0,-0.43686566661297555,-1.0,-0.5189496687297634,0.45238918060694255,1.0,6.08247843062458
1.0,1.0,0.2025076790052613,1.0,0.34237693413260106,0.333928700800169,-1.4095463657024105
0.6036622755364321,-0.5703180458252095,0.4111695848377991,0.35267197771085435,0.5852973821323617,0.9855457658879643,0.4545752886834392
0.35618375489554144,0.9598215926712641,0.09984706229447393,0.666560874407256,-0.1680209505975677,-0.6531812200757097,1.2183218363170931
-0.567974225449636,0.712139637972918,-1.0,0.28833679410151347,1.0,0.6019624354749665,5.359997984371674
1.0,0.3918650064521363,0.7663615984945977,1.0,0.42223489795846947,-0.685843703802909,0.27944036216659324
1.0,1.0,1.0,1.0,-0.46027435055305677,-0.1981935875071481,1.1260234163377745
-0.47431886067118234,-0.8562232351399104,0.5237846578017415,-1.0,-0.7594337726059235,-1.0,6.81500353275273
0.4531718628373113,-0.011400537674892242,-0.44411639079385057,-0.4959851128173507,-1.0,-0.40284529158798027,2.1477027621621883
0.7152081286283545,-0.019138426474342163,-0.4189797348305726,-0.07175832078281863,-0.6137869969452647,-0.4104583877610264,2.0647671804046492
0.26757116170552686,-0.9262357932625028,-1.0,0.009308933320836932,-0.3320432250208831,-1.0,1.023632868035887
0.8121368814737253,0.5439135172895483,-0.10023439146838642,0.6439992258024547,-1.0,0.9636549926802072,6.670344614499898
-1.0,-1.0,0.7621037119461751,-1.0,1.0,0.021850556998866552,2.2956229515430264
0.9329433413495183,-0.07613030867145854,0.6193817260185974,1.0,0.18739762509202984,1.0,-0.48671708927060475
0.05192040596690108,-0.3253218303045382,1.0,1.0,-1.0,0.4409625486195822,-1.4038501716723193
0.28910607098221625,1.0,0.7297165161995204,1.0,-1.0,-0.014560758468177726,0.24342852740108756
-1.0,-1.0,0.788580094028451,-1.0,-0.4737461194819985,-0.9532926566781474,5.516762917783379
0.40892870916834156,0.2477002883330104,0.49037549173475714,1.0,-0.20319759033495371,-0.4355858675338099,1.2351239802537197
0.19194531347431476,0.3026615839877831,1.0,0.6262293477813314,0.8329474940730528,1.0,-1.7655592467011032
0.7729481174363262,1.0,1.0,1.0,1.0,1.0,-9.138208267658772
-0.6009567937975886,-0.4779436571823723,-0.9530063814662093,-0.15291977324844935,0.41913403762435963,-0.25182910159408145,-1.034367089229032
-1.0,-0.23192059650242547,-0.9399406844777958,-1.0,0.43658280458234877,-0.13727373440097032,-1.1822246830929803
-0.36486993592060946,-0.4281209251278554,-0.4559356406935796,-0.07179225583649618,-0.9715532886469961,-1.0,-0.2192691150592304
0.307391060106697,-0.8310856628544234,1.0,-1.0,-0.6887080938289676,-1.0,7.772406569186951
1.0,0.057494599876692254,1.0,-0.3861390694290298,-1.0,-0.16191511419609483,4.813141926998416
-0.9531186629678408,0.3621691198648678,-0.7497037203543871,0.763773574105538,-1.0,0.46630330893820393,-1.9986406725565384
-1.0,-1.0,-0.06277519660238375,-1.0,0.10070041927917817,0.7579601262458187,-3.753853451066185
-1.0,0.3829989162466577,-1.0,-0.26667149621479,-0.2498110725739035,1.0,8.803148066555623
-1.0,-1.0,-0.5633850093641977,-0.4104689911271372,1.0,0.4666684765149879,-0.30305798129840983
-0.940896390777205,-1.0,-0.6642805683714927,-0.35917409964127556,-0.5807456140341246,-1.0,1.2774575606048777
-0.6405363002321458,-0.8907180477378436,-0.40585285334405635,-0.28401481955103947,-0.8640416088447729,-0.24859582182902917,-0.8342813702485548
1.0,0.011688603241509443,0.9161954996024044,0.5728026315116899,-1.0,-0.1142502385055717,4.5732712034747
-0.3372561328768424,-1.0,-0.23328835113095317,-0.9844837391922492,-1.0,-1.0,7.728896885911431
0.3081363081661095,1.0,0.7341201260773782,1.0,0.7317594331292672,-0.20289255250539617,-3.1405942131155133
-1.0,0.41290895385945214,-1.0,-0.08087578880318624,-1.0,-0.019855572563197255,-3.4444073655255028
1.0,-0.03783760189191737,-0.06133865729333082,-1.0,-1.0,-1.0,8.105205015234358
-0.8563135241380953,-1.0,-1.0,-0.8148536226339191,-0.7351541023010152,-0.777679762638344,-0.16847988692787486
-1.0,-0.1230087956444621,0.4131358777321107,-0.21418633453788144,0.7403055331011211,0.9080821426634617,2.401588981538253
0.7050260385618401,-0.9000584641845968,1.0,0.909312725101772,-0.5148244653666819,0.7773186542009586,2.535744986144462
1.0,0.49021354459743316,0.2803400732576298,0.45759298052074304,-0.5544292549511952,0.8731850598950988,2.70434026909896
-0.07379590029316985,-1.0,-0.18103422778760825,0.5048550713236064,-1.0,-0.24755948501374903,0.22869033049309995
-0.8281582680419155,0.19585441115577834,-1.0,-0.7468730818671176,1.0,1.0,9.835437254900517
-1.0,-1.0,-0.058568446119019235,-0.22894789670917537,0.749305752189939,-0.3863717682581,3.382171808892526
0.8028712548545798,0.4626979101490294,1.0,1.0,0.3407721257647959,0.6050266182692771,-3.8105471191350815
-1.0,-1.0,0.4517522567259362,-0.5603231578782348,-1.0,-0.06934875438535304,0.9571008633553615
0.9212319554625426,0.8572950716397494,0.11857191164807701,0.3310130737622725,-1.0,-0.3054888904816866,3.1145277379370775
1.0,0.045600102710924295,-0.770016728460817,0.4213139335999663,-0.5270514987327722,0.9219073635897809,4.461635001559945
0.31768650851359626,1.0,1.0,-0.13908687330238512,0.4608009938858406,-0.6554532107545173,-2.1051192417185263
0.805532878881052,-0.600016376211464,0.054880245865178506,-0.5787627044597762,-0.6962290769476513,0.13661483529458202,3.0437714154359603
0.47359575116301755,-1.0,0.9478253232185881,-0.09836310482827143,1.0,0.903206937117977,-2.364513014337088
-1.0,-0.8462516746458693,-0.5787388053650592,-0.11672549765407625,-0.5296098507733308,-0.5734170824224665,-0.5671108334833319
0.1474174300033244,1.0,0.91316834654199,0.5187936851092636,0.781054475860594,0.6925487219048421,-3.9358005357843684
-0.44703613377049134,1.0,-0.06161053945625705,1.0,-0.07554294827452568,-0.6157958691194468,1.306026041772418
0.1511583345006235,-1.0,0.8986676877513435,-0.6595926061479903,-0.4771988923287546,0.12705530581044727,2.846407076917694
-0.09665770940676544,0.7083784492445196,-1.0,-1.0,0.4518970315438091,1.0,8.809380167607529
-0.4667833181669455,0.12750166778512217,0.005373404104556001,1.0,-0.8017448512219512,0.7187783208627269,0.27311711836329233
-1.0,-0.7659076623519696,-1.0,-0.6613883462764789,1.0,1.0,3.7858774038521075
0.6173694827010092,-1.0,0.20817572320235367,-0.9971388516327533,-0.7701869792658692,1.0,7.31543767792431
-1.0,-1.0,-0.15113907301165208,-0.3054749405682473,1.0,-0.2052330146281034,2.896200974921714
0.14831079249618095,-0.13959695764010405,-1.0,-0.4391224926902577,0.5408413413466084,1.0,5.7874288290534
-0.5410865000566064,-0.7771295438783931,0.8024907288108228,0.034482917101819055,-0.40795052008859706,-0.6894971027241953,2.229900542165528
-0.37588966307144644,-0.19571829374207342,-1.0,0.36236386848470425,0.3318512351750545,0.6039089663022764,2.0086451392974016
-0.18549616763175203,-0.8126480861828895,-0.8241654833282871,-0.7323076531501409,-0.8184439816263598,-0.68572580164646,2.704294968660847
0.32751743752901225,0.19346080473075916,-0.12294496614933381,-1.0,-0.9574520320662253,0.46858272981110516,3.8306198320571645
0.3184864664196174,-0.14359852979554397,0.0386520577726536,0.15778286607906156,1.0,0.1685027634473648,0.20267869459469356
-0.21937406723414365,-0.2920077432295185,-0.5215850431218234,-1.0,-0.7680390985392216,0.9085693029594949,3.844590089084737
-0.5280179455828844,-0.04291435510935493,-0.7620156106921389,0.38161842248762856,0.5461813681348049,0.6686809042319606,3.42534176594546
1.0,0.3854486125816299,-0.902840306915965,0.44855280342599024,0.06981174783830513,-1.0,2.1573033271685254
-1.0,0.19909316036829544,1.0,0.03568093099454467,0.13697551918536577,-0.28079403071839704,-0.38865536555901636
-0.08206394204225731,-0.6096236666001679,-0.45926962572651614,-1.0,-0.5891018804398909,0.8662723446644738,3.3443451485900924
-1.0,-0.6261201313019333,-1.0,-0.9072624860362684,0.04505703176797482,0.22185125895673097,-2.9886250597145625
-1.0,-0.08701356621564015,-0.5933132289955889,-0.6521358777032091,1.0,0.8987878779588461,6.627288620427694
-0.6173369427597661,0.48159064996555345,0.3053094472049937,-0.4010404396981046,-0.657248449633852,-0.9044609035642819,-0.9342585965636065
0.8735874024773183,-0.2801178806907075,1.0,-0.22618058258110418,-1.0,-0.6861386235459332,6.249406003108957
0.47161956842250496,1.0,1.0,0.9231595556745833,-0.8205361442866769,0.1587721175100435,-0.4338221826502975
1.0,1.0,1.0,0.005963914724203434,-0.7485932266392237,-0.3371679533476144,0.8032075374622525
0.8932034763582115,0.3374799587762535,1.0,1.0,-1.0,-0.07760871020489994,3.5392880392824115
-0.46672507822086606,-0.04209456813264806,-0.4918011143315997,0.7231743758258407,0.17019294111770789,0.6753980668082322,1.4371886949595811
-0.9289691386345689,-1.0,-0.1621663331813407,-0.745098264284922,-0.564153393589512,0.7114685336902414,-3.0510262289603207
0.45867057234815367,1.0,-0.06937616018014525,0.9064660447118755,-0.49814691885369533,0.43783968669548423,2.599928384836378
0.2766913982742164,0.9818901268907628,-0.809599707398392,1.0,0.06399345305293769,1.0,5.889586484844258
0.33016467752825385,-0.6704185333484649,-1.0,-0.384158369789843,-1.0,-0.6472014553380239,1.6255245144274504
-0.2922180870319542,-0.3179747320927959,-0.01666230478035674,-0.5828222891297111,-0.8546045570712797,-1.0,1.8605786197165528
0.9149273208767896,0.16208427099277234,0.7401342094595997,0.38744707686525065,-0.5288973220943526,-0.2502521366065832,3.686062365441193
0.361718929305032,-0.2828854055284566,0.7027690805048694,0.5904888966207726,-1.0,-1.0,4.476437703481282
1.0,0.14249345731348795,0.037654281033625,0.5208709995234728,1.0,-0.049040857367277535,-2.1870885794825705
-0.18057608135186154,-0.8449847220237818,-1.0,0.13096706550388781,0.09728784354101072,1.0,4.314200348958912
-0.21982330197453598,0.05157127823815244,1.0,1.0,0.4019065250776148,1.0,-1.4940976802359014
-0.301858334933623,-0.4161145953652077,-0.1306622620794513,-1.0,-0.12817455630601926,-1.0,4.393118212073732
0.529283450951763,1.0,-0.025792779425579337,0.08126027713989814,0.8179994718089058,-1.0,0.1788298853217859
0.5112764712408282,0.8309792984491791,-0.316251665410979,0.8342634763841272,-0.48605312237093384,-0.2336651981012713,1.6225224257333941
0.7658221750144498,1.0,1.0,0.535458537137077,-0.4957958530017623,-0.28681930300716557,1.1474164418334247
0.35377826867350737,1.0,-0.7264263681453925,-1.0,-0.5052102107441441,-0.9962881534720889,2.9700388384893257
-0.6942658719492212,-0.4993407381815223,0.6326581998482019,-0.09352027361548348,-1.0,-1.0,-0.01678852205491904
1.0,1.0,0.6516286988667288,1.0,-1.0,-0.5310375488760428,6.449085966114354
-1.0,-0.897671212186886,-1.0,-1.0,1.0,-0.5869537357318758,-2.409871792702351
0.6567638069240578,0.7040840164161732,0.1940264068918489,1.0,-0.21923572814146847,0.4504130780135422,1.0775324981562366
0.8864725853577958,0.03162065364880223,0.26423068403537253,-1.0,-0.952234657491621,1.0,8.486113036281306
0.37266127999706,1.0,-0.07072411851270288,0.1823062434865122,-1.0,-0.2994867963708643,0.8341738684523918
1.0,1.0,-0.9841215212346004,1.0,-0.05072457370537442,-0.26967704428665107,3.818944347095367
1.0,0.7135393476416889,1.0,0.906328509620445,-0.5074026295045957,-0.3615844978219545,2.1765388781170696
0.45416709959850626,-0.802776568104069,-0.3349380499951401,0.4306555609662593,0.7779091350092304,0.18010783862847912,-1.3853212493513198
-0.7672172737510914,0.18756299678469632,1.0,-0.0129832508378665,0.442067083989664,1.0,-1.5759462374278184
-1.0,1.0,-0.3125214312893041,-1.0,-0.822590384423485,0.38010151178808993,3.0351046587828936
-0.23975572927235822,-0.445247529894112,-1.0,-0.602669164765065,-0.567950537228113,-1.0,2.8029414509325385
-0.8413955909634712,0.4987193589640551,-0.7778049833607061,-1.0,-1.0,-1.0,-0.47674201052975845
0.6222031211626655,0.30588328733042736,0.09096746668033084,1.0,0.9672484472960092,1.0,2.3180157862124178
1.0,0.6929614994045364,1.0,1.0,-0.5928246735286482,0.5810551515906642,0.3648465070716675
1.0,0.8187967475643678,0.8648507286903107,0.43429268904902685,-0.7383913477907647,-1.0,5.588691588938735
0.0010110742609689694,-0.5135036554522509,0.834275073419599,-1.0,-0.8237979993223146,0.44717253568480475,-0.050451805138007955
0.4778296542650263,-0.8086338909356461,0.11383809958385141,-0.1967075793570608,1.0,-1.0,1.5189074596320347
-0.09243699726267351,-0.22193826783755077,-0.04465241767769135,-0.8822741233184905,-1.0,-0.9063591884348621,2.7719788496142703
1.0,1.0,0.9408995409537486,0.8362510102494853,1.0,0.10278330212197295,-6.729756563577734
-1.0,-0.3423864873636304,-0.13080343432495667,-1.0,-1.0,-0.527271131543599,1.676209126386642
-0.5996224143069536,-0.4469627019505714,0.5487703682507488,0.054247453268510604,1.0,1.0,3.0326218974759325
-1.0,-1.0,-0.7130828780761036,-1.0,1.0,1.0,-0.6520075656715049
-0.8343046334210011,-1.0,-1.0,-1.0,0.4345533346057274,0.3207638743060862,-7.051601679205122
-1.0,-0.5777546357718124,-0.81311441369049,-1.0,0.8569956201277099,0.931662825073899,2.5837332624989955
-0.636953940233304,-1.0,0.3995441825085516,-0.13586249859891714,-0.1925048393844666,-0.33367871776828467,1.5502538091200733
0.539201566135386,-0.5671948456831619,0.8216754459255775,0.7824842176368516,-1.0,-1.0,7.261627379430605
-0.32281521208938724,-0.1293426783108147,-1.0,-1.0,-0.44236693417843687,-0.4756100327693567,-0.8394711963793056
-1.0,-1.0,-1.0,-1.0,1.0,0.0810986722727336,-8.65355233206817
-0.07359183021381632,-0.9805497492889856,-0.25243056769512917,-0.5208123623859107,0.09705619193845239,1.0,1.354024257172603
0.057934245548238006,0.08657706508138091,0.2670673870154241,-0.05663914529806313,-0.061213728486989694,-0.0017884778197310158,-0.21014084277449255
0.9933341222743524,0.1961497317317733,0.41656118164911193,0.5854476932443016,1.0,-0.4497350502813615,-2.404408867878998
1.0,0.19463931580389393,0.10789977746632895,0.5837017644649323,0.4590222425953423,1.0,1.0576906688809993
0.889631791857876,-0.7827301701677195,-0.555212159195557,0.6480435276584011,-0.43538199462585414,-1.0,4.821460866093025
-1.0,-0.35981502819182776,-1.0,-1.0,0.2569082720224207,0.6279679294239888,-0.22951417294248938
-1.0,-0.8533333759767157,-1.0,-0.3415755701582306,0.03915610552189408,1.0,2.585697704838864
0.7125296148144717,0.22952105135449452,0.9672503504574064,1.0,0.4022549198037584,1.0,-3.3024776686610537
0.6935997487381029,0.9240520994243551,-0.931347317497011,0.23602117451865823,-0.6861022295917022,0.8873846917776959,8.433042080316016
0.29940137724823623,0.5272905950165236,0.6921332693017448,1.0,-0.10899573368546533,-1.0,3.843732099642984
0.2867085020235488,0.18053867252073075,0.1699942099398063,-0.09082258600345561,-0.5721102711174026,0.921677939855787,3.356325569658168
-1.0,1.0,-0.9915382707310911,1.0,1.0,0.17770423171561173,0.9896175907015528
0.1095728088554554,0.9033104997828996,-0.5995517885982407,-0.46350532839145414,-0.44973419962653627,-1.0,1.461479789523212
-0.5412757089916262,0.2762375741981278,-0.4705853911139133,-0.3288345047729422,-0.8667975783685107,-0.326177354414402,-1.1106753706375776
-0.37846337143446407,0.4213033216483869,-0.8106966990707603,0.5688857385235226,1.0,0.037602046321940474,0.3486673546730904
0.06025056845870891,-1.0,-0.8889696726467164,-0.7338655669133025,-0.3354263261396052,0.7737481066524986,-0.11450373608842435
0.3020248669286783,-0.0031028962165502716,-0.1630076085789302,1.0,0.6905805465556332,0.8596402713922738,3.0070478962200027
-0.02899946819509741,-0.7440150411606488,-0.9722124136638071,0.9158715019243341,1.0,0.16071445648075142,-2.677508574399105
0.8230953918880797,0.15041370655358222,0.8612885824973133,1.0,0.927514228950434,0.6664886081345601,-3.948529810947468
-0.08632559767920722,0.5577584480374387,0.03344803103342242,0.9050734411600999,-0.055371849620915,-0.03719759691319735,0.4457798457106167
1.0,1.0,0.723951348768845,0.8763076816341208,0.9120787879911849,1.0,-4.26094308346444
0.11747374312749741,-0.029005072680132304,0.061192730895059166,-0.41596404164152495,1.0,1.0,3.0498254608514737
-0.5815742553476704,0.02309259177229822,0.06933995535242699,1.0,0.8692217357853964,0.2345034251134731,1.8452484656344468
-1.0,-0.9436625611019622,-0.35658651238658234,-0.5377632037067228,0.2814487413741298,0.6548163448475876,-1.268152817678976
0.2823223373353583,1.0,1.0,1.0,0.5771287707252079,-0.8186315737282683,-4.367346778324262
-0.28088862387545976,-0.6963634479086389,-0.09196250522390492,0.0023073403900892298,-0.5779281958037314,0.055979749899538966,-0.3748151841550165
0.7859096472140368,0.265627527408838,1.0,1.0,-0.03269667392266641,-0.34965517992720785,0.27080148974382956
-0.12001079271793669,0.6658173369343379,-0.8297383383771062,0.9395067900930921,1.0,1.0,7.828383100008876
0.10135698558559514,0.18887168460417203,1.0,0.7287719357711215,-1.0,-0.6324794075527069,0.6875471737237832
0.4227306589565073,-0.02918258870644458,-0.566694791232258,-0.08985283515104095,-1.0,-1.0,2.859080256426823
1.0,0.21383174070221989,-0.19066758644597998,1.0,0.11631226451625776,1.0,1.9002326320566056
1.0,0.9933985837933359,0.059614173740499155,0.4974216733478839,0.644289185231175,1.0,1.5832446064777952
1.0,0.49444353382982603,-0.6946931528748823,0.03391404778720075,0.842705195096092,0.41580043365849195,-1.8614430414925132
-1.0,-0.5859540489881911,0.4946185703019219,0.7390133345056755,-0.21374154514122012,-0.5795539705941414,0.7449249316106956
0.7306137944322935,1.0,0.6508877599382772,0.9974142901837748,1.0,0.8604701538902986,-4.490860812675461
-0.21180763672718195,0.18267693783787203,-1.0,-0.8002185370609722,0.47632805858781463,-0.8591102489090519,2.2329566600482993
0.25407841425776534,0.6570708113040338,0.38092030569681,0.5729496103731585,-0.5657961265805265,-1.0,4.139743320926704
1.0,-0.1720051258173967,0.013007152751358886,1.0,0.2548711320850985,-0.23312264309643904,-0.5726831753906723
0.9188050670175998,1.0,0.3558563211493415,1.0,1.0,-0.19447072045721603,-2.528224200393298
-1.0,0.1570317634757038,-0.0981882443181441,-1.0,-1.0,-0.04081087402606964,0.6796415418353795
0.3326457620159869,-0.07056772487377438,1.0,0.5125510478908795,-1.0,-0.1323921513254542,0.4661491176065366
0.9003413010946313,0.3961231116054036,0.03580207885610509,0.8521211698647958,-1.0,0.20271943565340023,4.4259649507050085
1.0,0.514364132684324,-0.001463434377592887,-0.6841716300935846,0.9033004503311985,0.4619515512650521,-1.7288106403703458
-0.774020373085604,0.20054567326784367,-0.18543310814244307,-0.38845058225354817,0.08751341605108531,0.6207315189491125,0.5170545020993258
-0.5275001870780205,-0.022155026611601847,0.8343169312753475,1.0,-1.0,-0.11920449986006454,-2.058705131683527
0.06261068215428911,-1.0,-0.2935740110948216,-0.233223109168389,0.4205692456934933,1.0,1.9370691250751846
0.44304849873021224,-0.7100954844520828,-0.941277197601792,0.5398278147471802,0.5375409535128908,0.15119879439853184,-1.8864313030062392
-0.047785590278332846,-0.10803673019409965,-1.0,-0.7526316187201857,0.3265667395083435,-0.8327854698022138,2.315301973650599
-1.0,0.3824074906042683,0.4514682145660165,-0.8316000306231954,-0.3858391232346948,-0.49719915141410786,-0.814014197638156
-0.08283399949710796,-0.2663772326892279,0.5138820737558741,0.15253407894726684,0.014536449612982283,1.0,2.009934040280939
-0.49853132193116956,0.385414908621476,-0.5119032656165725,-0.3639492561420177,0.09029109629310411,0.5360829707447666,1.2013347821552833
0.21111988276426225,0.3180227662705093,0.8944966109692654,-0.44877423700235053,1.0,0.6020066074823807,-0.6126737703497285
0.24784420081875588,0.5225867153318539,0.5306573429284613,-0.6106328274964323,-1.0,-0.6831364941718397,1.689333241047271
-0.6096050688140594,-0.4952702987119203,-0.5428302889621933,-1.0,-0.8840013643341842,-1.0,2.568457128472429
0.7113090460437188,-1.0,0.6050999482907745,-0.28172136769656614,0.48697420537673086,-0.01588039062094665,0.6945418686292438
-0.6897924352158643,-0.024806410991677852,-0.6309407547468522,0.5522162296294385,-1.0,0.7101370122396079,-0.407460819526726
-0.3338676647972434,-0.21685308368319914,-0.6409311459863001,0.5711504345391629,0.8599198470655409,1.0,7.434665085726136
0.11159388056880387,-0.42562657124024905,0.19137784136632047,1.0,-1.0,-0.6114169669580294,2.5775903922597196
0.4987329033771392,0.002276692895743615,0.5483395483302996,0.6585610803211775,-0.7679064371175243,0.06507987795384484,0.16817831469864164
1.0,0.06305604298119705,-0.20380173407104396,1.0,-0.7625562245359366,-0.6216085631571823,3.9749828363969364
-1.0,-0.7533451549872145,0.012140954129056136,0.1616513843240044,-0.6346040760892399,-0.6625505904376014,-0.8315222671098719
-0.40258938687650847,-0.0507395802623114,1.0,0.7472578894993118,1.0,0.8261023901543916,-0.5160401020841335
-1.0,1.0,-0.49080306069963575,0.9262748832288945,-0.03488457132429845,-0.03201648255533074,-0.2776487667594017
1.0,0.055036898150262026,0.2054488526972027,0.8819852996609857,-0.40834634801278563,1.0,3.6095577516249007
-0.3843172014493942,1.0,0.6675325674923795,-1.0,1.0,0.6151894000601119,2.3679946544025645
-0.6181741846950277,-0.7591711255030238,-1.0,-0.47439814269757563,-0.13103664428742035,1.0,3.8136849734317857
0.13746696661850316,0.1891479849473322,-0.2393469089069339,0.11985656986220773,-0.20147652661180077,-0.5270654517947828,0.902577075121928
-0.7504601162982432,-1.0,-1.0,-0.8796086381951052,0.9037225841184473,-1.0,3.535335709196701
-0.4683420200322552,1.0,-0.18252971370611265,-0.5794301578128778,-0.4846408083483835,0.8612114103525221,4.050037509560433
0.7124708965971687,0.11515024882768343,-0.6744336680314232,0.26379620300910855,-1.0,-0.09670343340598553,3.0054976661062414
-0.33767554916648673,-0.30937857746201225,0.9173218886592853,0.8806283218092059,0.9238489024763162,0.03199433356563425,-0.7924638751759838
0.008464393879088372,-1.0,-0.02351442276442195,-0.3385322906700194,0.2707845549611891,-1.0,4.84036761083393
0.8193156785327169,-0.4392598378898799,-0.39898319618313,0.03196235161198724,0.4325215495711314,0.6099556971173328,-0.7582804062069008
-1.0,-0.022087706791103168,-1.0,-1.0,-0.3252821414052968,-1.0,3.4622300721558936
-1.0,0.41987928346846387,0.9663034326222508,1.0,-0.4380559323422428,-0.8847498390416668,0.6655168792846691
-0.7064674271192594,-0.3594132194649027,0.3940616235113618,-0.2162413529761159,1.0,-0.5351696114677734,2.8223748124912076
-0.16327889170953197,0.4541597906679341,0.46318916489641526,-0.46964154465072994,0.4614282322430125,0.985474902231469,2.842337682594241
-0.2873733396989171,-1.0,-0.2679880161620243,-0.9120354093332192,0.2304358805402133,0.5183821299092358,-2.275172152346429
-0.3474827774293123,-0.23927958767609922,0.037902072356523195,0.259741932362879,0.16727342837370218,0.35879157211148305,0.14593981219797908
0.6472173038511747,1.0,1.0,0.3147271866028034,1.0,0.3585499602610399,-4.685793044170968
-0.8480647913941591,0.6468554726425324,-0.8332460100517383,-0.5119732632064189,-0.1786932296755941,-1.0,4.02092441914418
0.15920922809505722,-0.5534483401343602,1.0,1.0,0.045964892777502375,-1.0,0.4451901919303093
-1.0,-0.14592792978231864,-0.03176325869614072,-0.31484903123985253,-0.0624804123635533,-0.5767683755504991,0.7301345572086244
0.745525693458998,1.0,0.3686141464048258,0.5774994616038369,1.0,0.9415047036695572,0.022917284745546967
-0.1836316553810805,-0.18549186641237747,0.231651765117247,-0.096143245892087,-1.0,-0.4919396512446569,-0.04449473684274599
-0.21357376590532684,0.4479441285403186,1.0,1.0,-1.0,-0.6215665348062294,0.21212505375636959
0.529152213484574,-0.2667467465457125,-0.846201310357903,-0.8064082489832949,-0.5889871608201493,1.0,5.73294327941361
0.628029014714452,-0.5707180430318952,-0.22590873768742864,-1.0,0.5324719233412938,1.0,-0.023714797032555412
0.16721189399893577,1.0,0.07452404825081071,0.6376449627220175,1.0,0.7519441995309302,2.3266256359729582
-1.0,-0.02645211412938364,-0.9794982639401741,-0.9216372725333577,0.6860298110403774,-0.43315759383076125,0.4918130931220076
0.2421319372466546,0.6842468401230746,0.9427274021065719,0.5166885488023527,-1.0,0.265153162522481,-0.9649521000043271
-0.4388023023416032,-0.5159025524918472,0.12794843042098247,-0.16270926164657473,-0.10563565287104826,-0.11348724194658788,0.3830388966977449
0.35637640486396344,-0.7875994018401683,0.45838169592077704,-0.016005236435368428,0.05598566260769089,1.0,0.6665253029981314
-0.6063040660658892,0.9946659583603482,0.2815487477357702,-1.0,0.8445756225187735,0.4667470865273121,2.378817036060392
0.009161186588695136,0.2419882915328192,1.0,1.0,-0.7881362807498964,-0.7923507143941344,0.4990915937024743
1.0,0.049232515115290865,0.44765034124338177,0.5050835929345743,0.1634498909953177,1.0,0.8410394882862431
0.5981029196237029,0.11082231103493667,-0.2693564777253507,-0.7296152044108237,0.40858901377111384,0.520413036891971,0.22720646993887067
-0.3555530955679531,-0.9345846927545899,-0.6993891013015696,-0.015153591313828318,-1.0,-1.0,0.49793885624554207
0.7919311502633339,-0.34785034521916697,1.0,0.4985871195985919,-0.5583128245456799,1.0,0.4203911862297164
-1.0,-0.2567554278780073,-1.0,-0.4565169683467156,-0.1071457071989882,-0.447535887035612,-0.8741437920668711
-0.10701065873297458,0.034586563365853806,0.18456277807775287,-1.0,1.0,0.7690355013903741,3.4545114127302536
0.07803037187043677,-0.16797703813909914,1.0,0.23688350285473736,-0.1502050172453303,0.36263906713879585,-0.8283790718904172
-0.49076493907406077,-0.4936342935413683,0.7714234651583411,-0.8431755937200297,-0.6567520877804744,0.6112913000521872,-1.7851907264198181
-0.7558367491822529,0.4965765517886757,0.13198629258040834,0.6548066654996748,0.6365915373853354,-0.19693387366898424,1.0932969125425565
-1.0,-0.13726114684160295,-1.0,-1.0,0.7710751489520115,0.6785901286402105,3.047973380023231
1.0,-0.048862506562753205,0.8408138898743034,0.008577290840106055,1.0,0.4393286510011951,-5.263343810585317
1.0,1.0,1.0,0.09544944873771355,-0.3039455055240311,-0.25928394486370154,-0.28744016352299073
-1.0,-1.0,0.32190047420242424,-1.0,-1.0,-0.8794854274253456,6.074125540954955
0.43150819898880877,-0.31989617854195923,-1.0,-0.6405416826217891,-0.7215727627333604,-0.19656141907373437,0.16346349578091735
-0.5723630014609643,0.41990666742709487,0.425436883942951,1.0,-1.0,-0.6937595930422391,0.19777290481369347
-1.0,-1.0,-0.8878866646819278,-0.06573980542377433,-0.2707868113551979,-0.7580624831057221,0.28330326497564573
-1.0,-0.8828654657114282,0.060165501933092946,-0.9440586861417832,0.19464357097753318,0.3788431093326895,-1.6396475035040332
0.34340938126904064,1.0,0.6255367073140353,1.0,1.0,1.0,-0.6655218022917524
0.8296336998155549,-0.15806074382844432,-0.4430789041730248,0.08782555689732272,0.9050901005050871,0.5355226767692274,-1.2261813024109318
-0.39122318013068913,-0.9473623402780309,-0.8270416183885421,-0.18986128562323673,-1.0,-0.3383738485407064,-1.7035608059563365
-1.0,-0.7298102835595834,-1.0,-1.0,0.9723804078224132,1.0,2.349320449476402
0.10617904153417401,0.5814959551298124,0.413866209164345,1.0,0.44888284724046645,0.9864431461679104,1.1914823170665005
-0.41260961829673215,0.12667744626767363,-1.0,-0.37799066356901556,0.715025222077451,0.7832669871940086,5.495142673361548
0.6035758712892987,-1.0,-0.3440151503305148,0.749329509909189,1.0,1.0,2.838476799439209
1.0,-0.15546723510584404,-1.0,1.0,-0.1658751483699037,0.523207858834815,0.6672487483311684
1.0,1.0,0.5964291635774124,0.1027556304435826,-1.0,-1.0,4.9546375808543734
-0.2681826771414122,-1.0,-1.0,-0.5773079370176153,1.0,1.0,1.9840520969097486
-1.0,-1.0,-0.8479231584793951,-0.4173994871432465,-0.339300807333287,0.22333764570424375,-4.643248928948764
0.30241233988819705,0.5998150508789345,1.0,-0.38715872963315445,-1.0,-1.0,0.26403054765133116
1.0,0.09435196137722501,1.0,1.0,0.2325049490140004,-0.16955091466494265,-0.8014509482788204
-1.0,-1.0,-1.0,-0.9861900786911598,0.22958482342114267,0.30963434242067933,-7.588124427405983
0.7091079366165307,1.0,0.3610677083325211,0.7924863417546905,-0.6704967170315845,-0.8730572657331443,4.858336506569256
0.4498808729134822,1.0,0.4580873584512692,-0.43510165473413925,1.0,0.6051660472299338,1.5000400127825264
-1.0,-0.0585973832164266,-1.0,0.7206767738398097,-0.3358651579223617,-0.6841586691022392,1.0886720161917398
-0.21825232853312526,-0.09254467362247176,-0.9893343491190998,-1.0,1.0,0.02818854181158037,1.088335817234681
1.0,0.16093011574635646,1.0,0.7213030332430006,-1.0,0.03731951479355483,4.720883401614106
0.9988854932553166,1.0,1.0,0.3005301128432465,0.6746364787362598,0.21708412301727992,-4.518330226143977
0.038560094383757404,1.0,0.1862971664838553,-0.16772067182721867,-0.7385222942201543,0.12190422514695343,-1.0188765675255411
1.0,0.8714464159904198,0.6919501628086282,0.5459235103751805,-0.3160751764895126,0.7773010646962624,-0.10913536355346501
1.0,1.0,0.8368035274376723,0.6151528779665693,1.0,0.3940708954394232,-5.809974796388928
-0.5628233365262619,0.3160713587576964,0.26166855842775216,0.6399906504180597,0.09896773264700665,0.42244754583691196,-0.6136990811047104
0.08195649465163757,0.7703060604318969,0.7818253363544957,0.6621257629471909,0.9299613142776446,1.0,0.2199786541628172
0.8578364475636842,-0.34757033606434173,1.0,1.0,-0.25705076061337007,1.0,-1.662954369133755
1.0,0.8647464384823627,0.7115417120905008,1.0,-1.0,-1.0,9.929204914743556
-1.0,-0.4938075666832139,-1.0,-1.0,-0.12974338354469797,1.0,3.9103210854267774
-0.3134677191191122,0.13486184905276388,-1.0,-1.0,1.0,1.0,9.642368163334666
-0.4401706450469294,0.6003703082873604,-0.4807410377411957,1.0,1.0,0.04137265109974109,1.1509162943065079
-0.771079852739375,-1.0,-0.685577651025979,-0.3304179599353616,-0.4152087539062307,0.36629148908979325,-2.679679368723585
0.5468261848957376,1.0,0.49631709208913355,1.0,1.0,1.0,-0.9510229654842384
1.0,0.6129162448781962,1.0,0.9554655114954271,0.08560628300119666,-0.5830391589623358,0.6287568097703887
0.4897666050331695,1.0,1.0,1.0,0.4182422853271858,0.6189159928214678,-6.053722829521981
0.01573430488039701,-1.0,0.9949477911047294,1.0,-0.37526611230211177,0.09554672660309232,1.2197927260161245
-0.8800432966855576,-0.7956379187319051,-1.0,-0.8623754469611216,-0.7262924215734424,-1.0,2.759542014991438
-0.5269793301318395,-0.3273267073437182,-0.4583299154660001,-0.12603396228206365,-1.0,-0.5838537640658146,-1.3515274216157374
1.0,0.6296466765204407,0.4879329943400834,1.0,-0.7062727422981598,-0.12923454287656144,2.9017730845511194
-0.1555819504259799,-1.0,0.711272902845191,-1.0,-1.0,-1.0,10.41887675977381
-1.0,-1.0,-0.05364379226660354,-1.0,0.2762962356782719,1.0,-2.698188119073037
-0.07623861428109369,-0.02801671532746952,-1.0,-0.18359085635952677,-0.778025870744479,-0.2943699336130148,-1.6502064390739615
0.15253022856100407,-0.8743745503238245,1.0,0.34665680294357504,-0.10486064581978725,-1.0,3.8773466140874513
-1.0,-1.0,-1.0,-0.5354134191652766,-1.0,-1.0,1.2203366446681958
0.5230353553424285,1.0,0.4864652251317143,0.6134451141331596,1.0,0.7925308872340883,-0.7333580880893509
-0.7864673918405092,-0.8239490672685963,0.05619849089461171,-0.6212819189271401,-1.0,-1.0,2.9455083449648733
-1.0,0.31100398577095384,0.6496272633670036,-1.0,-0.5177974407011043,-0.04994478012479403,-1.1812276049976358
0.4756282384857854,-0.7109296121317643,0.7792297492027203,-0.8035781041138552,1.0,0.6505740189494551,-3.344886992410618
0.13525752594731533,-0.4175007894504446,-1.0,0.30972275189053944,-1.0,-1.0,1.614569525894751
-0.9086881583551529,-0.765110528193188,-0.4090378893747366,-0.9531997225493809,0.5435371479791173,-0.7234448535840504,3.2266067073204163
0.9207663890812423,1.0,0.00491510456711719,-1.0,0.6410021204875928,-1.0,-0.07655822024842923
-0.8231151207039069,-0.308903368105591,1.0,0.23557509344701755,0.012952936509814439,0.5942133590169483,-2.4049464589947673
-1.0,-0.5339761135236185,0.062125662158676265,-0.5535334155256779,0.8822255683606803,0.33275042256561177,1.5634829574436537
0.7492069525326821,0.6200333755690675,1.0,1.0,-1.0,0.244874147505608,1.2547851058113784
9.67078313159897e-05,0.15118738292331613,0.5989703717671508,-0.1258212679296199,-0.9509805677581986,-0.98754558384942,0.6978349575112665
-1.0,-0.6489909985494067,-0.8780429413779804,-1.0,-1.0,-1.0,4.205851181249265
-0.45147321991858413,0.11865642094261859,0.5294334703115428,0.8521560038176509,-0.34281200533732714,-1.0,2.3335596178839455
-1.0,-1.0,-0.4990524314902305,-1.0,0.4741670026848738,-0.0680968834246069,-1.8893627735149892
-0.31965205092408744,-0.2398277178565138,0.5738706517545996,-0.050366527520279064,-0.10202760159026347,-0.9800167048186259,4.127726301126751
0.9364310819533423,-0.35158249498407684,-0.010010752342969165,0.06655304416535726,-1.0,-0.6630131092026255,5.557052860916373
-0.5414361455030814,1.0,-0.8141425772786943,0.15677285201276792,1.0,0.2871612223717841,5.094972286531112
-0.23648978443376545,-0.3788620198339041,-0.1387215043518948,-1.0,-1.0,-1.0,4.193941664573807
-0.1423703732153837,-0.9223296563739345,0.5640599616591149,-1.0,-0.7432851303900809,-0.801440868269756,8.628901743265269
0.26825223764332307,0.45905501157957396,1.0,1.0,0.23783493214915274,-0.729058311550876,-0.5481936902163517
0.5859536628400521,1.0,0.052533872540289184,0.9631806083014627,-0.18596450417544025,0.07002867734304175,1.091410988985164
0.7704328132040887,-0.5337386277639309,-0.7894859442077391,-0.9630697443792353,1.0,1.0,-1.1489134717456295
0.6105162528297521,-0.039681131234680714,-0.4772017681365678,0.5342059787785159,-0.24107972744447376,1.0,4.05219220272359
-1.0,-1.0,-1.0,-0.6979097930451219,1.0,1.0,-0.5069519571866012
0.5192421194314509,1.0,0.5816718119856452,1.0,-1.0,0.5170459404731794,1.803826680683433
0.19552067568442488,0.40590850162091324,0.7308774954549095,-0.15895137879273513,1.0,-0.29214761987684357,-0.6279656410048822
-0.3800954305929841,0.0463247420671597,-0.34219650379721367,-0.08590401468082445,-0.6389452450548039,-1.0,0.744840963701703
0.3508617660632041,-0.03132986224174361,-0.7074992451983394,-0.499966431023475,-0.5719440359621497,0.5551310306509389,1.3750284724579651
0.36383688444373874,0.1914306878830978,1.0,0.2141380801311581,-0.8134826247342566,-0.7005424979825512,1.9491312496235185
0.7356785460026176,0.1710087377021554,-0.18430137460532497,0.5528707927682707,-0.751897692170033,0.7875550837403499,3.8435776787801776
0.14817652711050477,0.7224667895965946,-0.8834933306809948,0.3989236997559707,-1.0,-0.06885533758675844,0.41621004609485357
-1.0,-1.0,-0.40471355170214607,-0.5837082215745633,-0.17993149833315691,-0.37085951482628843,-1.3431231421882086
1.0,1.0,0.23392261985448237,0.04831766384859182,-0.6022389578638978,1.0,5.10172552136069
-0.16789144984324111,0.8203541503929439,-0.5583956991521007,-0.3677586692866327,0.9818703014007827,-0.7953389279259171,0.9782473147800597
0.28946735831066994,-0.37306103352285963,0.9988932405234892,0.014864038837144156,0.1944270803853071,0.136550692903887,-0.4681438939125089
-0.25482746165545134,-1.0,-0.6154870794073399,-1.0,0.18150049292532722,0.5686697186460834,-3.0421195632959104
-0.4625532320487876,0.5548846850199461,-0.6718667046717989,0.9903647096628839,-0.08695536389594705,-1.0,3.5342769813486417
-1.0,-0.4430583629538043,-0.7546603514669905,-0.7928121561435582,-1.0,-0.7775154532591915,-0.8631674080647007
-0.4229039459628561,-0.6926172429257788,0.735263537244638,-0.7391814110349421,0.6453237714771132,1.0,-0.7559381920863345
1.0,1.0,1.0,1.0,0.3484737800608607,-1.0,-0.030505436796268826
-1.0,-0.08527508688903451,-1.0,-1.0,0.8654512115261647,1.0,8.237541870241396
-0.3287889603619303,0.5813120723678581,0.13761210540114738,0.993642218933926,-0.5374919858160512,-0.9935207972849592,3.492334674926825
-0.5821199772444319,-0.7107783650668507,0.49899422510977354,-0.8580788277610668,0.904812354265844,-0.25078243982176773,2.4552534407132907
1.0,1.0,1.0,1.0,0.8862502927373347,1.0,-9.712976678634082
1.0,-0.013139144632806743,0.8997715641168887,1.0,-0.8028497081720416,-1.0,7.744045391709699
0.07184984358181201,0.9217053189671204,0.7023580877207539,0.16461404543904257,0.4773901641433409,-0.886763025308957,0.8767662712423765
-1.0,0.7669893534126089,-0.39855269263610393,-1.0,1.0,0.9652343109917116,9.829671601210864
0.708862687933042,-0.32876405714313445,0.4080186790578493,0.42767767748033836,-0.2724520201955776,0.02821613782655491,1.0998806453656889
0.9575557452749486,-0.04061170241528134,-0.04947699574305786,-0.0904865550598972,-0.07894383969279639,-1.0,4.278893530053584
0.9260160969920997,1.0,-1.0,0.39895744040497094,0.0017389076192511066,0.09175167840577014,2.6646429634488262
0.2051484657208437,0.12249835897529618,-0.3865467227950788,1.0,-0.04371702906431624,-0.8092073175656711,2.0093549545987335
-1.0,-0.3532317612325818,-1.0,-0.9382497135304178,1.0,0.3937210497173398,0.034878186119886134
-0.003113486850500863,0.8815078945247456,0.6111268782380188,1.0,1.0,-0.30848602129308245,-1.383723998388384
-0.014516222038954418,-1.0,-1.0,-1.0,-0.1747595168592261,-0.9866419467033088,3.4864807797915285
-1.0,0.18705917323978372,-1.0,0.2263284235811988,-0.441509498542326,-0.7267426386916291,1.2917912051711724
-0.35593862843247104,-0.753953627367051,-0.23789784934765057,-1.0,0.3597086621126783,0.46745608137060923,-0.5624474885240985
1.0,-1.0,-0.6102778154821531,-0.060318297901387624,-0.5984466030753304,-1.0,4.866116542960629
0.2480674036767756,0.318016825115172,0.45233070956540566,-0.3861108246788456,-0.5501274685224374,0.539931609474934,0.582909172906638
0.4835203984727552,0.12942563119425365,0.08128807722593634,1.0,-0.07508053420667193,1.0,2.551276830237435
-0.5634315013722134,-0.058446260371490755,0.7626422737699972,0.749493814362391,-1.0,-0.30212758198046985,-1.005641729961991
-0.1366699469395828,0.44058826915793015,0.7457208272337855,-1.0,0.7816277300671854,0.3929691281889156,0.3628144137027974
0.680137418574086,0.13035005230341024,0.28048702665804703,0.20939294827023214,-0.5188644502466234,-1.0,4.95013665408094
1.0,1.0,-0.17776289400928935,-0.41894789478944783,-0.6033588637555753,-0.7661491639921602,3.895300318659026
1.0,-0.6889260182711494,0.29958454377906807,1.0,-1.0,0.41185347621685675,5.900648677011111
0.0123958680239864,0.25861864889191055,1.0,-0.115687772409234,0.090782813768022,0.6517774176972088,-1.8332855469990634
0.33070742749458376,0.993657760421156,0.16030912128347957,0.8152529714718002,0.7691908229795981,1.0,2.875250128964443
0.9044848632415183,1.0,1.0,1.0,1.0,1.0,-8.770996009599864
-0.8838219450195577,-1.0,-1.0,-1.0,-0.11520239131819088,-0.38280407452315696,-5.096850192512747
1.0,-0.47730001724964577,-0.3856907254602047,-0.5202960733382352,-0.7637324981194487,-1.0,6.924904493111474
-1.0,0.6161434010957252,-0.18244350680060117,-0.476455566002395,-1.0,-0.036242089636721264,-1.4109144598055192
0.9748899267237969,-0.31824947176779705,1.0,0.2273070565537718,1.0,1.0,-6.423186634234097
0.14805021700614773,-0.46550156554046407,1.0,1.0,0.4131738867472414,1.0,-1.9327585914172607
-0.2629590892543181,-0.515087602457998,0.0660646255405205,0.012685227019883727,0.13037735009325302,0.4848661627132036,0.7888442578454921
-1.0,-0.3323443903904215,0.4819318072671296,-0.0283146863613416,0.25129633694608966,-0.7779699455413032,3.6641287145660137
0.32259179649923164,0.22174320514732626,-0.39864047431691696,1.0,-1.0,-1.0,4.47333671935466
0.07351655509715083,0.3194807027204205,-0.9067581512669263,-0.3381268187545162,-1.0,-0.4626261017939266,-0.7054863522911539
-1.0,-1.0,-0.5431998136504854,-1.0,-0.5662005169995692,-1.0,3.1640629033564203
1.0,0.6455352076601966,0.9198803678214382,1.0,0.5555593639180733,0.609021106072218,-4.345174976589425
0.540949713079695,0.8459637162514285,0.890247382399689,0.23711903224504782,0.9084115560353332,0.6947261570096664,-3.0957582816811615
0.8468074268758099,0.3828723723101164,0.4996294144929341,-0.2695532320944276,0.3838206036584267,-0.30159348678407183,-1.4723753275950933
0.04057457311030495,1.0,-1.0,1.0,-0.18148237341245244,0.4083829258888536,2.3699669420749117
-1.0,-1.0,-0.8729400225146671,-0.8512901393488959,0.6417828007279743,0.6452439825392047,-5.01972422398075
-0.9705517394967811,-0.014535384236360471,0.22852911727226083,-0.9517620455934689,-1.0,-1.0,0.2297419131184988
0.669061147065521,-0.3588647842006675,-0.17610279991221092,1.0,-1.0,-1.0,6.867955441930545
-0.40617558932068665,-1.0,-1.0,-0.18595966454496216,0.5792319119499713,1.0,3.3733893068646537
1.0,0.15658914360129583,0.40850796944698886,1.0,-0.654373483335918,-0.6926221108199444,6.060316816596664
-0.9668498064482887,-0.6690533744132988,-1.0,0.2529530415333009,0.8411681311468455,-1.0,4.733712033503275
0.16986262329711746,0.05655693061133066,-1.0,-1.0,1.0,1.0,6.780644199812221
0.1609374384434486,-0.6805489764190089,-1.0,1.0,0.09368823451628197,0.3146292063490177,-0.9250749918180455
-1.0,0.6069547058237386,0.020686113960313224,-0.4544980917055148,-0.6982888980641888,-0.9294190833533058,-1.5938242784376204
-0.33744314063345227,-1.0,-1.0,-0.8951276680944837,-0.3210907832931924,-0.5257342367481685,-1.601819091410619
-1.0,0.39425225350305065,0.45862851958070816,-1.0,0.6916749035192131,-1.0,5.602955114603302
-0.639262263090602,0.5430380652375751,-1.0,0.8475078220756468,0.9684247626616127,0.5669305618674598,1.894211221166901
1.0,1.0,-0.36272047764510185,0.9508965554506866,1.0,-0.1228999968385121,-1.2161821710240612
1.0,-0.18663265409112872,0.32975419835999675,1.0,-0.5591960851929862,0.5930296598221744,2.419827543817616
0.664133201158825,-1.0,-0.36051782885695227,0.34314155429026005,-1.0,0.0946041934289511,1.6046034859638936
-0.5947241064974436,-0.43681281397962946,-1.0,-0.1121977992487444,-1.0,0.1772891374047405,-2.9146469005099913
0.04598681592912354,0.18383098640067616,0.20057452296289746,0.5792663340681253,-1.0,-0.38133490987146046,0.2977527749670046
-0.8201911675477221,0.7164315786909852,-0.3791968286960119,-1.0,-0.6787416025441495,0.28843109090059915,1.1443758730607188
1.0,1.0,-0.13422761118143706,1.0,-0.29610531492586545,-1.0,8.300301066283087
0.9545262161604079,-1.0,-1.0,-0.1824979272086497,-0.34367742100160603,-1.0,4.4351655862589885
0.07870402932924038,-0.28771060318561537,1.0,0.8880264771564059,-0.5716492615885502,-1.0,0.8656501634712165
0.1064621427315286,-1.0,0.0942435020654368,0.9529633230923211,0.2527800596210066,-0.35263886321599414,0.09180490647502759
-1.0,1.0,-1.0,-0.5508566454278925,-1.0,-1.0,2.498056080895847
-0.9954247086042907,0.5513364624634497,-1.0,-0.8200768151501656,-0.18269799252933872,0.8898036226708169,6.780517261980533
-1.0,-0.20981140110387297,-1.0,-1.0,0.05885070376650192,-1.0,4.23737017429738
-0.2319694504291756,-0.5737682216782576,1.0,0.12330651193075126,-0.9888820244647192,-0.24278817812549447,-0.2516842236927207
0.3308062383621553,0.5232004325540247,1.0,0.7212698171126994,0.4769169279557328,1.0,-2.875676623898958
0.6730774399736611,0.31399539250484687,1.0,-1.0,0.9336072233863707,1.0,-3.4150690826556156
-0.24363038065280151,-1.0,0.3505809486817425,-0.6072518710298294,-1.0,-1.0,7.266883621995226
-1.0,-0.3097257289488611,0.16919556199511357,-0.42622362258213553,-0.5037308691093303,1.0,-1.6930874860339853
-0.30064956385407093,-1.0,-0.14404368791898614,-1.0,-1.0,-1.0,8.518470045840346
-1.0,0.14731199505249015,-0.8120964975267628,-0.6296893225804967,-1.0,-0.7709202109809841,-1.6361856435755509
0.2697295496565434,-0.8526542268034656,-0.8729132492091087,-1.0,0.39106393516027915,-0.2215701568765674,-2.123072952386743
-0.2841465180754855,0.08308268526547413,0.943243189764661,-1.0,-0.8107406820820444,0.23951658044888524,-2.1254370255791795
1.0,0.5736127684562686,-1.0,-1.0,0.4381938882358575,-0.643743185070123,-2.953478855622682
0.7732565149878823,1.0,1.0,0.038316503234827604,0.9245426899499437,0.9926751922257846,-4.90036512729605
-0.4213094816499314,-0.23114468488474982,-1.0,-1.0,-0.8426603818899046,0.6812551689505246,2.4027855931185944
0.9548547118169249,0.05613218579874128,0.7509174133055986,1.0,0.9951799622880066,-1.0,-1.3947613493678876
-0.6712959966543466,-0.8307475019360637,-1.0,-0.9353876657493541,-0.5062772474237406,-1.0,4.335359119640715
1.0,-0.7785368642485011,1.0,-0.9018572378010803,-0.4804062578028172,1.0,1.7131033337472155
-0.7566063576656831,-0.07599483989561939,0.3446187558904796,-0.6527736070114876,0.385099435335443,0.839098208117496,-0.06705545751530806
-0.45013645750465353,1.0,-0.24567367813641244,0.26986728965295304,0.37986666905932576,-1.0,2.7489795764085216
-0.06820791463057785,-0.8008797491824421,-0.7606221043059385,-1.0,0.20914958799054167,0.3846726434876572,-2.625538813098486
0.08651482336074164,0.5606829425710799,0.7678459676295544,0.8925921933073393,0.5291355285241619,1.0,-0.7928653182355875
-1.0,-0.4092404959871322,-0.458757489292424,-0.40971974508291936,1.0,0.7254495884144592,3.5296498738262816
-1.0,-0.010558070146586163,-0.3077525925676199,-0.7152461983951621,0.7298770436817776,-0.19456445365285197,2.4511476862472055
0.4215888338078727,-1.0,-1.0,-0.09845936212660594,0.8621543186497402,0.10631514657398428,-4.960289308335155
0.00010090017667609835,1.0,0.24950113601503232,0.9117942836730153,0.27303500239050527,0.06383886630931654,-1.8967851355078147
-1.0,-0.6565539480411254,-0.9929601578637934,-0.25446004074446554,0.3338833234252664,-0.054449865064276126,-1.6341216934482785
-1.0,0.26577963339954847,-0.6077795648113633,-1.0,-0.6695650907455855,-1.0,0.7129188257609136
0.5586207453878698,0.9116882626830471,1.0,1.0,0.40829858840061684,0.5997625164941425,-7.056989906891031
0.8779201116398336,-0.08353405968165173,0.5717546926348633,0.31975333317303245,0.38414362663251683,-0.3541105994880429,-0.9174405171555237
1.0,0.3351301178234242,0.22540882594128508,0.7669830253270815,0.7356673259031579,-0.03438972544574831,-2.153269015602294
0.7252758985938584,-0.3556950414848282,-1.0,-0.4105923335456916,-1.0,-1.0,4.356033963834839
0.027789154256955495,0.447772447394874,-0.42748938452034735,-0.9947795758428003,-1.0,-0.7845133702408416,0.7317528318411812
0.33318811545786786,-1.0,-0.37682376584334687,-0.44452898408517916,0.7337397924030583,0.637863945748055,-1.4067563203028646
0.3938904321225498,1.0,0.40868262472044936,1.0,0.03771152300585612,-1.0,2.3479856547098015
1.0,1.0,0.26899302736544595,0.08553622279406725,0.06084144907453276,-0.1570767587032249,-1.1211978668614486
0.5583298551125374,-0.4601453862616256,0.7890873609999909,1.0,-0.1339628626757754,-0.0075547765182732984,-0.24294193660574046
-0.08976113628062887,1.0,-0.65281486908989,0.358590495071588,-0.2199220959457751,0.41175726532809565,1.8688646448977213
-0.20780029798451227,0.9697095798223829,1.0,0.9297374557039041,0.337986141526997,-0.6393559199987984,-3.837851231509967
0.23006358625125442,-1.0,-0.10626117309329519,0.02816768369332079,0.09563579036721426,-0.651034422582007,1.1822876909260114
-0.38513920705142163,-0.8123674859276664,0.08354348610349682,1.0,0.6397774212317089,-0.30326395664500405,-0.1050348500131123
0.6973165405731578,0.7542650908771784,1.0,1.0,-0.6130135455390315,-1.0,5.1242909066258235
1.0,0.2335612220438641,0.12419866609497054,1.0,1.0,1.0,0.3145955350938753
-1.0,-0.013557268662347077,0.8154109567306677,-0.23269108067738942,-0.6719225305180211,1.0,-3.406102043519691
-0.3875124073700934,-0.12661952821607114,-0.17529197889556758,-0.8059139054841993,-0.450960184013383,0.7019990776075714,0.4763562028633469
1.0,0.32804509397739423,1.0,0.5201164858693295,0.6361524328107151,1.0,-4.208669746167299
0.3554810025378121,-0.6434875127359588,0.7990581104507919,-0.2432285109241371,0.050130056606580875,0.3386711990086709,-0.6339436485811043
-1.0,-0.4213164668308026,-1.0,-0.5533688332115043,1.0,0.0801778439960209,-1.5807191236025926
-1.0,-0.6040918970837352,0.16435377282576058,-0.36672475463425047,0.48589221613842637,-0.10007556391682468,1.5690641673726717
-0.7095329646375996,-0.020703356803317696,-0.31964069915004845,-0.5695946132010574,1.0,0.22346049063755968,2.5225456979107475
-0.6322433645528579,-1.0,1.0,-0.5501651532195168,-1.0,-1.0,5.650952942229781
-0.14577884999089466,1.0,1.0,1.0,-0.4653904924324832,-1.0,0.6139917147391882
1.0,1.0,0.43090466525065,-0.39857563049025674,0.4310435092209654,-0.42956127364934715,-1.4038956287912057
1.0,0.06086117184721185,0.9803130970537743,0.5825772720134732,0.9611379581516748,0.6688476827952917,-5.375320337801048
0.10228131027789777,-0.46665775097997453,0.4513975576961873,0.8664173373967139,-1.0,-0.013010253095254165,1.2450596504213283
0.8661281599627496,-0.15317840389728632,0.4421020581756193,-0.6096016363198506,-0.3187285405075191,0.36324245848102465,0.1464934435107651
0.5272567092485888,0.7032967877048547,0.06390314948350515,0.6600768844784435,-1.0,-1.0,4.45687549734748
-0.6798279874244579,-1.0,-0.0630942063883182,-1.0,-1.0,-0.056680834028207006,3.987328098537163
-0.047549353766894065,1.0,0.5571016046343897,1.0,-1.0,0.27323716650697094,-0.24806479368334272
-1.0,-0.8312125000577575,-1.0,-0.008767646501842474,1.0,-0.5904592305461251,-1.3855857568065286
-1.0,-1.0,-1.0,-1.0,-1.0,-1.0,4.991441894665673
0.14636714240445947,0.014362705400759512,-0.9961497604544833,0.49757753996627263,1.0,0.5602989973994716,0.5876097250603539
0.2374273823991171,1.0,1.0,0.06651996277270178,0.14792979174541127,0.30011572401529946,-2.6092127200040354
0.1863061796812422,-0.5812141203268322,-0.005563546573191525,-0.9824911759032399,0.149118947929473,0.846305033813852,-0.2928546827556353
-1.0,-0.48971034860188767,-1.0,-0.3904078287114276,0.24454591631457046,-1.0,6.240663611389026
-1.0,-1.0,-0.9404607835338838,-0.24151664773449277,0.025024946150848604,0.4819393633763238,-3.431532822906981
0.11644740930786113,-0.5686115100521005,1.0,0.6070416223130768,-1.0,-0.3689656845117071,1.8862064434176689
-0.38570140002048103,-0.9252780071446867,-0.517606776057213,-0.5076939334257786,-0.0016256322572628101,-0.32344744368219946,-0.5930887392519542
-0.7718763042955135,-0.7578497711524061,-0.8852289672807365,-1.0,-0.6001284972072695,-1.0,3.424725043523614
-1.0,0.2814507477854235,-0.29263742954358407,-0.7877045575542345,-0.26130494877336097,-0.43410384031347826,-0.45443653707328496
-0.40914978597318274,-0.7993975143206684,-0.21232611907017526,-0.917382431963173,-0.9283107421648125,-0.6818482405586491,3.3459565620745493
-1.0,-1.0,-1.0,-1.0,-1.0,-0.4848276695937299,-0.12282260098159464
0.20157161388689826,-0.21012427486408586,1.0,-0.515720358699433,-0.3063955364385645,0.9272267311282845,-1.5096074815197387
-0.013872078360545714,-0.01720063805609462,-1.0,-1.0,-1.0,-1.0,0.7873028819466522
-1.0,-1.0,-0.1665265217305394,-1.0,0.8786630113351621,-0.776025649720402,5.043832407020533
-0.20589812987197897,0.09474569175760816,0.9803193524009304,1.0,0.41070811967137455,-1.0,0.8504109299535514
0.24879178741399288,0.32022282636721433,-0.1850633166100969,0.8367462274620765,-1.0,-1.0,4.425468835914169
0.04167504928731569,0.2089258423916719,-0.3919274326726383,0.6299350348160864,1.0,0.2714412954483425,0.07523724915010382
-0.290838018742825,0.7807507876369758,0.7355457866383677,1.0,-0.4685401556666189,-0.8248931870245696,2.2440174292192516
1.0,1.0,1.0,0.4104381808699931,-1.0,-1.0,4.099390432004803
-0.6366524620445397,0.6849978153246785,0.4422216192949497,-1.0,0.2226262454192245,-0.45335709037973626,-0.031864149343383996
-1.0,-0.4923562614744618,0.6818069001325604,-0.8143443182575412,0.36053932342076533,0.7075033355115885,-2.3866870233960693
-0.06968199965901134,1.0,0.6279141465974748,0.9358611373260911,-0.21359081062253354,0.1439428689072319,-2.338250637914715
-0.2537740740599608,1.0,1.0,0.08982139031893968,-1.0,-0.01297633538172449,-4.311641566529988
0.1429547007610562,-0.21829759438435303,-0.2123273312599192,-1.0,-0.7610998972015577,0.7300612900321223,3.767275389101083
-1.0,-0.6468414135953615,-0.8880326361993749,-0.22944053414147186,-1.0,0.08861459065641175,-3.9277301604132284
0.28670686500917786,-0.5075493108769149,0.25598973101491973,0.2119115161525139,-1.0,0.4739501423292325,2.1303777497961485
0.9524566168910695,0.8715591213576654,-0.758506024100151,0.6870993640886648,0.6234002744679247,-1.0,0.05288987512955137
0.134434412357398,-0.05131224501380943,1.0,0.03640063228464424,-0.6802120183183425,-1.0,1.5436265110788212
-0.11167233723337444,0.9318410208645183,-0.13256062535795798,0.011205882407134826,-0.6449193765743932,-1.0,2.201107104956633
-0.9102971707326635,-1.0,-0.30157810259191303,-1.0,-0.5528473039504114,-0.38277426683929994,0.13142015519296996
0.34936717601436507,0.6276951152000734,-1.0,-1.0,-0.3472721595874113,-0.06094869264936721,-0.48431157096008814
-0.07650008181827328,-1.0,-0.8561016290335324,-0.7898687146280141,-0.06360017160924003,-1.0,3.271951788795039
0.006551915944331577,-1.0,0.038354284192067406,-0.4151783340835085,0.5897449260862179,-1.0,5.593605482335796
1.0,-0.7756159915047471,0.7966837568573946,-0.052161373116745735,-0.13876566794223077,0.32156583614300677,0.6158365648470856
-0.25970467607344044,0.9441329250210065,0.1974539097796655,0.06834695532519032,1.0,0.8204674871529382,4.247953309336664
-0.363248019331046,-1.0,0.1556645481474327,-0.25334945296353717,-1.0,-0.8849405386427059,3.624616113228103
1.0,0.8315272946809981,0.3210599291936469,1.0,-1.0,1.0,7.489784397464794
1.0,-0.4014451754306916,1.0,0.46817157906994056,0.6662319394044875,0.03964920288002809,-3.2040337222357533
-0.9139758997093836,1.0,1.0,0.10906055308540866,-1.0,-1.0,-4.767125539040092
-0.8153986090036734,-1.0,-0.43030776700815143,-1.0,-1.0,-0.2018567761151564,2.2357271668680245
0.47152176301046755,0.2675011912824651,0.20669271749013385,1.0,1.0,-0.07808112855639507,-0.3873981877926038
-1.0,-1.0,-1.0,-0.19499543905504657,-1.0,-1.0,0.22462495945213573
0.5426754221981452,-0.7153363011565841,-0.38948361427661704,1.0,0.9495236811922719,-0.34023229872881583,-1.9594376129282507
0.8156972263900792,1.0,-0.08299449162324592,-0.08931619352029396,-0.3443153665251273,-0.9649849844997664,3.392726493221811
0.7200554183591495,0.34890460428307146,-1.0,0.1343364458192594,-1.0,-0.34834161614851467,2.4029718701297234
-0.36803395154545726,-0.1832988414220993,0.9479309864926475,1.0,0.1954542054801205,0.32849615858883485,-1.7235795878455036
0.6091150420313292,0.5322165295040657,1.0,1.0,-0.8881864454901222,0.7181908777430495,-0.05757081139695111
-1.0,-0.5578055134285493,-1.0,-0.6770536024215685,0.20970789270316548,-0.7232363614173022,1.7388688969491484
-0.006528128812187894,-0.8124889128598174,0.8297396782408579,0.27791883361473163,-1.0,-1.0,3.172867591615787
0.40248113548211206,-0.202767184439554,-1.0,-1.0,0.4879054883631612,1.0,3.5787980025567014
-1.0,-0.8372268239652798,0.00915154991323086,-1.0,-0.9948133050894902,-0.5820281130827802,3.6935641031908486
0.1322902222364103,0.2466956636063783,-1.0,0.5060220757489244,-0.23749471052913979,-0.3668842164793237,-0.3509773452097842
-0.9359517097358675,-0.10053355043829737,0.6077830271198541,1.0,-1.0,-1.0,-1.22248290749512
-0.35286554354573046,-1.0,-0.21512483628610002,-0.31901910808908474,-1.0,0.06178437882377799,0.17728474713721976
-0.8267254994872995,-1.0,-0.7519253467548079,-1.0,-1.0,-1.0,5.280368484117341
0.31445686641033177,0.7164201187222651,0.9178781830479283,1.0,0.5821630837987568,0.2369288351100516,-4.290367331991864
1.0,1.0,-0.6914158639278968,0.4039112087151806,-0.13125803423137716,-0.05664592219290232,3.030165303449236
-1.0,-1.0,-1.0,-0.745501621290207,0.7037387200211287,1.0,0.020415633187052182
-0.6805374235650887,-1.0,-0.4743132314238907,-0.43198050538418953,0.1322421171962609,-0.3663953436863884,-0.8510859343203281
0.38081364425818826,1.0,1.0,0.25925659129840706,0.535208223373631,-0.21926609915446288,-3.238395398853232
-1.0,-1.0,-0.92094710026221,-1.0,0.7168851589189653,-0.08854071237657753,-5.998529611987662
-0.012667957716582967,0.020324583563178567,0.030768412512309218,1.0,-0.64751185073343,-0.541839622319314,0.014932185754848892
0.33644805789470017,1.0,1.0,1.0,0.6279860440585325,1.0,-6.8559149773451304
1.0,1.0,1.0,1.0,-1.0,-0.2900213418870742,5.322138610256841
-0.5517243594021917,0.7172445292264147,0.6792159540135947,-0.5962804604985483,-1.0,1.0,0.6316645893862773
-0.07048907040612501,0.3139812079268679,-0.6815762995792222,0.614537383514204,0.8047536750674671,0.2944427294102364,1.7858280425721393
-1.0,-0.035980387906893396,-1.0,-0.7962289073573038,-0.026356669401972566,0.04786493365772093,-0.8249205986656113
-0.6120361437733542,0.660436692090615,-0.8054594700228345,0.6318543228961446,-0.09520629493305688,0.7428778007626056,3.618927563875389
-1.0,-1.0,0.38624096303457633,-0.14803245982554453,0.00885505277528243,0.016124175181888578,0.7780835615435369
0.788817967979815,0.45802895834951496,0.7701372243941138,-0.4514563288213318,-1.0,-0.8921002108638326,4.319557694755581
-0.28188903775939644,-1.0,-1.0,-1.0,1.0,0.5035661932777817,-4.944351273223725
-0.5217277755293768,-1.0,-0.8138621010829027,-1.0,1.0,-0.74728054032919,0.391819408185962
-0.8258895783126865,0.6080669475685565,-1.0,0.2681167511506843,1.0,0.8136512365728996,6.838896999399802
-0.804584848288576,-0.976127480015275,-1.0,-0.9000824386550927,1.0,1.0,0.5925738396997288
-0.5559616245153356,-0.23622608329177086,-0.5675598918054066,-1.0,-0.9317245952503044,-0.9247292780565477,1.4110430165732262
0.47785316812661127,0.465179231088205,0.06654334941302953,0.17950900498799424,-1.0,-1.0,3.316273499228651
-0.1173634670380983,-0.9761101113617701,-0.46831533289484717,0.21434701730862504,-0.8944354791369791,-0.9413834790690276,1.0911590483083853
1.0,1.0,-0.6771367002085616,1.0,-0.22609995562640495,-0.7201908224269356,5.290372878430669
-1.0,-1.0,-1.0,-0.761139046869534,0.5683753342268377,-0.7426408395800912,-0.9773613678626262
0.2211906846172247,0.9222968727118841,0.3701108790109666,0.848336145178699,0.6773867853339751,-0.06957117447114769,-1.9780714166859759
1.0,1.0,1.0,0.33347799311337556,-1.0,-0.3027473325630621,2.245243188020093
1.0,0.8262823536768427,-0.05732628646115734,1.0,-0.03246985803188629,-0.2614301691209946,1.8600015386902844
0.41875421926424194,-0.6874908615096358,-0.4063150280380126,0.8931708876851813,0.648659002547419,1.0,3.495079335756948
-0.15890659432804843,-0.35987966917542724,-1.0,-0.7773404467700299,-0.8298434179116604,-1.0,2.555557939332557
1.0,1.0,1.0,0.25273240097876926,-0.8580461016157155,-0.06063348302375404,1.1473148532919026
-0.521697744497502,-1.0,-1.0,-0.43467529368606805,1.0,-0.07315614778651747,-3.8591365772226176
1.0,1.0,1.0,1.0,-0.7591384754307521,-0.10385287547365918,3.0082122729537404
-0.3662255620704992,0.6326060502952557,-0.6723655685385674,-0.6687229895985664,0.0329467145112855,0.3045366410241588,1.1194698272897075
-1.0,0.35574885771742903,-0.4474975694128427,-1.0,-0.9898088258914484,-1.0,-1.1131928264604833
-0.3850030903438611,0.379576507722715,0.0015549758383776036,1.0,0.9292034440636738,1.0,6.682786061488336
0.4955295546565295,1.0,0.6416789176977271,0.21776898826484437,-0.7290000708548956,-0.20461703204138537,-0.135827572428441
-0.8735340014924486,-1.0,0.35474224296796353,0.9155512089740867,-0.6609548243410749,-0.09549900248693263,0.25666464893941665
1.0,1.0,1.0,0.7662350467078323,0.21873677018630133,0.4709903302565541,-4.110763731273704
1.0,-0.4914589822225968,-0.26276378322376714,0.7084094268513665,-1.0,0.07946100720060001,3.985088375230087
1.0,-0.15882964013097817,-0.776797987583597,-0.05038961536338141,0.9695027413038183,-1.0,-3.661030540190093
-0.05996117252335783,0.10775408531656352,-1.0,0.3897900277664085,-0.024815729947941234,-0.5737398095297916,-0.08982135303860753
0.10311188859922038,0.016627130359861297,0.5574319639188339,1.0,0.4940621360903122,-0.8330081861382075,1.4859721705616273
1.0,1.0,1.0,1.0,0.45685024757999476,1.0,-7.699573214305056
0.03290283922204179,-1.0,-0.47911139837588357,-0.27439282334476023,0.12348310580285982,0.9085518299510106,0.13696051477454363
-0.7932160314206433,1.0,0.10896304349817676,1.0,-0.8351707947312108,-1.0,1.8848021526231178
0.5853567169669497,-0.5026082102007577,0.5776170297039749,-0.26964110375340683,0.876213952570851,-0.2833910820196577,-0.6650440923669808
-0.7657201644103537,-0.5349717476488766,-0.6031614651715451,-1.0,-0.45020626749821435,-1.0,3.4603403037925995
0.47696992254288234,0.28418843076822453,-0.6413605501739328,-0.22587589432760463,-0.2096217074492006,0.6480824597363198,2.3343489480728503
-0.9561091928724961,-1.0,-0.8162056285161896,-0.5364209478137298,0.3021311998256119,-0.24033771685687255,-3.2356667388993245
-0.4507736085052425,-0.23294105748240979,-1.0,-0.6222352468348189,-0.01496578124049508,0.7941965063193633,4.287801953002379
-0.11171717779481397,-0.3869098399973048,1.0,0.893938996398507,1.0,-0.0654770781525254,-0.9422261818565195
1.0,0.9787250789970565,0.9156606985021079,-0.03384398081938267,-1.0,-1.0,3.9801962289884116
0.29184222103052027,0.5263307266628455,0.7329776792776876,-0.12734489834041296,-1.0,0.08923900614859709,-1.053913355235066
0.9056524416215603,0.11897345939684434,0.7772313635719801,1.0,-0.4700262701386293,-0.44869251183269,2.595004086214002
-1.0,-1.0,-1.0,-0.6531814682900219,-1.0,0.008145632254160873,-4.569229288890112
-0.12390364257523923,0.8979266187660189,-0.2908849558760712,0.7305315968163585,0.9210503651613233,-1.0,1.1944606014266763
0.18866307574702745,0.08916945114471925,1.0,0.5080035272729994,-0.11752177373722605,-0.01545605175210385,-0.9809641515923659
-1.0,-0.7816243730039345,-1.0,-0.29546683282616426,-0.44303933748898494,0.44113148079003556,-3.1970991437117626
-0.20535588036441954,-0.16371040581406393,-1.0,-0.21106827841245202,-0.48963426529933834,1.0,6.975221583525569
0.049988439191868905,-0.0032536185330294676,-0.5848355594104606,0.24991222394309662,-0.2796425973305122,0.8030895195372543,2.967167990609411
0.5837855714726223,-0.38081071280461387,-0.9551804098783236,0.2886219083319383,-0.2080865163529122,0.12565828043831595,0.5715286595644421
1.0,-1.0,-0.9857478501180449,-0.8290165374507265,-0.6352514348289109,-0.7825993774368436,7.061778886663013
0.012174425481372264,-0.7196151772682688,-0.7916065522725262,0.04217735862031313,-0.0008651182373017458,-0.8414618187358147,1.6353029045542486
0.9866017672975649,0.15105688511414417,-0.0691502530961545,1.0,1.0,-0.5573957577514007,-2.0510873181684675
-1.0,-0.6367623867180892,-1.0,-0.7181426102527699,-1.0,-1.0,3.1877782666047048
0.6353113989735432,-0.46810591356883635,1.0,-0.610773682747967,-0.20817936190494227,-0.36413660593667774,1.788373779821982
0.9889061306754716,0.30815812104886736,-0.2330707594598721,0.8455107369911576,-0.550670104537557,-1.0,6.457757694925863
-1.0,-1.0,-0.7305976900682974,0.710682197123415,-0.20660404337710878,0.4277355623974504,-3.242179407605479
-0.5663985589124527,-0.3207040708670376,0.4524986247046733,-0.5459517468035967,0.027474532870907016,-0.30744284446101355,1.8034392908074013
1.0,1.0,1.0,1.0,0.8171428572144515,0.0007943371471353933,-6.5117348447593955
-1.0,-0.4616762365520537,-0.45915372341074656,-1.0,0.6163834870281799,0.1527453027688388,0.41278726190311116
0.6792784434973977,0.5601888807023931,0.4556882643528164,1.0,0.6091302473016811,0.1874403305154087,-2.3969669949394374
0.6752678650073651,-0.2725064439920666,0.4135526661896999,0.6689897334257475,0.7412913034879972,0.7719278453725151,0.47792254970138764
-0.9892745010857281,0.025870497319005925,-0.6975688375492102,-0.35411543625522857,-0.809980323410411,-0.4800230640938459,-2.0344905661026464
-1.0,-1.0,-1.0,-1.0,1.0,0.2947300235321446,-7.36858320644799
-1.0,-1.0,-0.3241214335271344,-0.032501205688433066,-0.4417019248361307,-0.3567367957753047,-0.9389473502862465
-1.0,-0.582654634437058,-1.0,-0.1805656515198073,-0.3512596434182903,0.4334665848874696,-2.5394664446183057
-0.2642565817868033,0.019711651372168237,0.419729349273272,1.0,0.042790358466662404,-0.19167940236018502,0.8036837463748016
-0.1911235894754043,0.34860866132378526,-0.18022824578141755,0.0006043585701032139,-1.0,-1.0,0.7147350844602558
-0.7089082969844755,1.0,0.45446488043335614,0.9912586368834209,-1.0,-0.4557960896757236,-0.5877095229506426
0.1958916297661072,0.04358025616887379,0.7778855298042051,-0.22141448775443207,1.0,1.0,0.516348205778142
0.8530776666269577,1.0,0.8210606113475931,0.0656339067551791,0.3866757417243465,0.5243554648763058,-3.382573587034872
-0.8023305924643194,-0.16379713944570928,-0.6520552198315965,0.2518853313461887,-0.5539857636369157,0.9889860761489238,3.350406523937582
1.0,0.6491363569849178,0.061159299616919016,1.0,0.7129682047178184,0.2545672985679066,-1.7408720213936864
-0.8876282459924153,-1.0,-0.7823381389103288,-0.3496540221194613,0.3591679667797989,1.0,1.1895646437609497
0.3473224012965306,-0.5375342048302004,0.9328651063185195,1.0,0.020994461176744084,0.576121793168676,-0.09306234586061501
-0.6445035412291082,-1.0,-1.0,0.08169458737672386,0.01287324310161131,-0.10642132245210312,-3.4583037080501415
-0.14878431552431204,0.38239439239376605,-0.5577365523688955,1.0,-0.736959662848452,-1.0,2.431331162797972
1.0,-0.6609948161878424,0.90525238315377,0.7439086390056008,-1.0,-0.5022382623393148,8.64692605576828
-0.11203167041641571,-0.5015094618945533,-1.0,-0.0011374408386541912,-0.8953596401283923,0.2943281283831579,0.16580468874394827
0.6308497657205799,0.5156753813267184,0.09531464356359512,1.0,-0.20723878737024015,-0.7489758332713219,2.9435103125080024
-1.0,0.7454540571401672,-0.15076360642625994,0.37062790699301507,-0.14132851436659646,-1.0,2.9878452242853175
-0.4075611659729313,-0.20131616875626435,-0.2732614854271238,0.5636174627976982,0.1362320814428346,0.8340290243021542,2.361135449565354
-0.7549839297397787,-1.0,0.627430139747832,-1.0,-0.13250452105866162,0.6783004538664832,-1.7551610644970472
1.0,0.14496780500745676,0.3832693023477569,0.8429452003421498,-0.8547322100937784,-0.4887812835516916,5.421621571306281
0.9565458807636885,-0.43425479312687065,0.19214609538370714,0.4737750667396898,0.23385530638587498,0.5713882336101533,-0.22947211739382464
0.923723327547186,-0.7585494579828387,0.6206342248166503,-0.7454230584652717,-0.07070228544125107,0.43020548697842287,0.3445204469432782
0.011671759420654793,-0.018136291360377643,0.7262256260983464,-1.0,-0.8165884921809123,-0.4169563132581373,0.9150215573757238
-1.0,0.4884870905350265,-0.42317622268548005,-0.8320625760147826,-0.27426088936581705,-0.29586619964819355,-1.3933582589184161
-1.0,0.7504928550866473,0.790276188321829,0.5420396279334216,-1.0,-1.0,-0.6693583183988141
1.0,0.23020409837818367,0.9786258863632267,1.0,-0.09289825468529206,1.0,-2.906272708203132
1.0,0.3272986325606506,0.1678530162210301,1.0,-0.5182660607892782,-1.0,7.344511978076739
0.7625847472509457,0.1761357123140505,-0.8236009699594213,1.0,-0.7005511184739006,0.180196515693409,1.5499500115869027
-0.3648495490468308,0.018229799191285166,0.3870988150146143,-0.9125808227640715,-1.0,-0.900368626281886,0.5448671444806478
0.8151177735591058,-0.472173031358843,-0.8369819462050857,0.09293396970034074,-0.9715467435384276,-0.17471000686793237,3.3883149842540004
0.13130911343071616,1.0,0.13057714994630765,-0.6816923273426682,0.12840702724934872,0.32198840627387965,-0.5935045587686479
-1.0,0.7774367733876352,0.8856751443375347,-1.0,-0.7315232774042344,-1.0,-4.458036109621541
1.0,0.20278908399094253,0.8090144965857089,0.027738460377639385,0.6688166768339069,-1.0,1.6191264244849775
-1.0,0.6177205319849004,1.0,1.0,0.17869610817265458,0.41504947367795,-4.751777937808952
0.8844541857884489,0.13544309524156817,-0.8598577939209728,1.0,-1.0,-0.06244299893584215,1.8413141105894342
-0.8124599313159134,-0.9272668929880734,-0.27978143987376936,0.1601243335291413,-1.0,-0.8529934128786134,-1.6677125196311686
-0.1828011550756652,0.8196182856415339,1.0,-0.40742728912049286,0.06504286670333953,-1.0,0.027245765609319683
0.3605429688125877,0.21005693065048814,-0.577319344222288,0.07170575963481149,-0.19329288142793255,1.0,4.763626909453805
-0.3594129328339257,-0.8877375431139132,-0.5250922254053648,-1.0,-1.0,0.19446401449416997,1.9703805809469987
0.1473802651947812,1.0,-0.3107938457833739,-0.6807242350328483,-1.0,-0.39466034281372186,2.5321623576217487
-0.8307093357845929,0.05838041906531205,-0.7135003539201062,0.23432767406880745,0.7091446027400536,1.0,6.337990954630268
0.4071148661634085,1.0,0.9641907902863589,-0.2741848422451628,1.0,1.0,-1.2374759148118901
-0.18430838846616793,0.31528065520589277,-0.9005098084727976,-0.6114588520991884,0.2566390142111228,0.7311217946819966,3.6599853921258707
-0.5533071476286031,-0.22135097729866351,-1.0,0.484747163105418,-0.971213733764098,-0.8301082534191259,-0.5260392573184185
0.03747536321601619,1.0,-0.1647812909291092,0.968318202336584,-0.8803282629973388,-1.0,4.855754103167946
-0.5990753302134731,-0.02544160399672446,-1.0,-0.29469677527861826,1.0,-0.19457874896029614,-1.1219463665635474
-0.6324967714241327,0.025625544313839788,-1.0,-1.0,-0.4449373336335485,-0.4861912050197156,-1.4617846585273644
1.0,0.29965797018938234,-1.0,-0.5922178528486561,-1.0,-1.0,5.231923039104747
0.13963693534691513,0.4361207920325028,-0.6985166338768081,0.1292900462876883,1.0,0.5906260279383256,2.0967607010449156
1.0,1.0,0.4346576250682732,0.5893271545551337,-0.8079624357176827,-0.513372979045041,4.834937301870899
1.0,1.0,0.9717037121899215,1.0,0.9287142636993146,1.0,-9.730750212800983
-0.25340253292951875,0.25579056826777147,-0.89100021409561,-1.0,-0.6478783186714274,-0.41150319047296713,-1.7912920072606493
-1.0,-0.9639256074592217,-0.8591653169696422,-0.8104703310028292,-1.0,-0.840579336396367,2.130783831608534
0.5125876085691139,1.0,0.9299765184275697,1.0,0.8863234567317808,1.0,-6.64500987108423
1.0,1.0,0.36225964039883163,0.5720708221186257,-0.3071358590902924,-1.0,4.5000207075902
-1.0,-0.371193195175644,-0.35208890889063044,0.24189827957694088,-0.4712314886002613,-1.0,2.5365248693802553
-1.0,-1.0,-1.0,-1.0,1.0,-0.4650679425775974,-4.601659093482263
0.637160957608871,0.6097888164960907,1.0,0.3699233999343454,-0.9675644859089558,-0.21209241743864135,1.1131840813598544
-1.0,-1.0,0.6285741532932404,-0.3209574018429151,-0.7954232022489679,1.0,-3.3314817424563268
-0.3018492179806166,-0.2658861913010854,0.0839776625618302,-0.9689939234150047,1.0,0.14921985625977907,2.6705812466951055
-0.4357520580043341,1.0,0.04870634643381078,-0.18253038637727065,-1.0,1.0,3.518784795571605
0.8396090617337185,-0.39474909465658153,1.0,0.26202560320625906,-1.0,-0.27108933988359124,5.473703201266151
-1.0,-1.0,-1.0,-0.9246915927371147,-0.18794077991614044,-0.44515143633899495,-3.989153203960083
0.0975180640786798,-0.9125923219706775,0.7989977971952613,0.3060995602065173,-0.10557497078144562,0.605971015858791,0.047706421498522
-0.06685096384379774,-0.3746152595792944,-1.0,-1.0,0.5251665458169283,0.37519635503313037,-1.2628298734717822
-0.6409280220297926,0.7664048944920203,0.2530020715028614,0.36861999009143076,-0.6153936561930302,1.0,-0.34471906051494955
-0.027071894072931146,-0.416614347041375,1.0,-0.2571846028317415,-0.21930114058583516,-0.5236044843180605,2.0899548014023877
-1.0,-0.4112603638998736,0.7108790964962571,0.005784357271543472,0.3235398760867064,-0.4265444481120262,1.8564486567795329
-0.1818458075216136,-0.7366068101198968,-1.0,-1.0,-0.7945557310241861,-0.024748509266282748,-0.339840513317045
-1.0,-0.148100058054903,0.5571500755031973,1.0,-1.0,-0.9078092472407248,0.06102956845060015
-0.9845325052971329,0.5397019465132886,0.7911496635885725,0.5224882391870186,-0.4241866882642146,-1.0,2.4625837416076597
0.08018935853302656,-1.0,-0.8715259190695209,-1.0,1.0,1.0,-0.33800256883987445
-0.5283008770345863,-1.0,-1.0,-1.0,1.0,0.1468741637440032,-5.672539949438
-0.9954639488858804,0.9130615083711681,-0.292128098000605,0.25592781682932486,-1.0,-1.0,-0.9418893246475446
-0.5393627293773005,-1.0,0.5796058275616358,-0.8139014476122718,-1.0,-0.030721026777701416,3.908963553811586
-0.06944071440380895,-1.0,-1.0,-1.0,-0.5368032160492644,-1.0,4.0585242417646334
-1.0,-1.0,-0.1719218256392694,-1.0,0.49155720075877485,0.5114732360636947,-3.0985095762323005
0.3755196002073798,0.793940064051138,1.0,1.0,0.9513427182850211,-0.260678661972261,-3.9595076024770015
1.0,1.0,1.0,0.21110920635515118,1.0,-0.009669858924054142,-4.3696523915359196
-0.573478575487307,0.5840694217450608,-1.0,-1.0,1.0,-0.5636744505636171,1.3679603620095642
0.6381852153068458,-1.0,-0.4266932764383432,-1.0,0.532330406310791,1.0,-1.9037359447752493
-1.0,1.0,0.9300930821411415,0.8296406971349994,0.525997214837733,0.42670245584869115,-6.446153767740443
1.0,1.0,1.0,1.0,0.17945325369772797,1.0,-5.606893390779453
1.0,1.0,1.0,-1.0,1.0,-0.1548235476090743,-1.9104209120566245
-0.07959522639685801,-1.0,-1.0,-0.3989140899475687,-1.0,-1.0,3.05225197710685
-1.0,-1.0,-0.657214819438907,-0.034469622773935504,-1.0,-0.37479161984064,-3.1483919030755954
0.6682340678281935,0.5133764354012069,1.0,0.07774486821136417,1.0,-1.0,-1.4807056154155476
-0.8562614044920183,-0.36737124876950566,-0.7178498879047995,-0.4823465968022691,0.1843660019213691,0.5693522360543075,1.1784361510950077
-1.0,-1.0,0.20347213407961684,-0.15366950499087917,-0.3119196553962722,-0.6344166473126638,2.1535291300937587
-0.34322502412711864,0.4249250251229828,-1.0,-1.0,1.0,0.3044912310788953,2.2571086187556797
0.004237539571392418,-1.0,-0.13153999576609904,-0.9917979438771416,-1.0,-1.0,9.184197406290426
0.66159982849435,0.33491214422968263,-0.8906579620443886,-0.7239334106909188,1.0,1.0,3.8254605825962473
0.43937282359309404,0.16780903509350908,0.8407574957630513,0.18900083848705762,1.0,1.0,-1.5231144977747246
-1.0,-1.0,-0.18984790017712294,-1.0,-1.0,0.5309717585284288,-0.48891577418914034
-1.0,-1.0,-0.09438273229753169,-1.0,-1.0,0.5372541815527673,0.18894216895565102
-0.19622920678429745,-0.43027137891170086,0.30688628759541237,-0.34605206576073305,0.6539516392162003,0.42992090042316566,0.672726202776014
-0.25476960063525766,1.0,1.0,0.027855154493182654,-0.2677707843953448,-0.07064983708301664,-1.9852148023633722
-0.8231307369798229,-0.10607363998235553,-1.0,0.9272216382716244,-1.0,-0.48412957364750175,-3.5261326905758343
1.0,0.4635371266810885,1.0,-0.7780511210477934,0.6862688825268755,1.0,-4.065039464307566
-0.17259347327336805,-1.0,-0.21510394393238907,-0.05103780672378577,-1.0,-0.06704201813221333,0.5744688265707119
1.0,-0.2986834115157053,0.9576162685367955,-0.1194734123021585,0.6945403335234428,0.6756751459467447,-4.720817346810968
0.4844312460590017,0.007993810633707077,1.0,1.0,-0.04943873501298024,-0.01743852755312844,-1.3972264841659434
-0.4375068784701337,-0.39018525525044556,-1.0,0.6509322876495456,-0.01341174004747836,-0.2612917945568328,-1.75600955143058
0.07233812254721494,-0.19982293746140473,-0.3847403948637627,0.854682216870341,0.1372859086632261,-0.9329071278191907,1.8291992865244535
0.000968746513872798,0.33011804010554396,-0.23145446187538005,-0.09745481789192709,-0.05537879701134418,-0.5006354034034136,0.38479212688314723
-1.0,-0.3700130268242632,0.7011992781937814,-0.4510802663451556,-0.08305685415441122,-1.0,3.8046854882812817
-0.7173777900402365,0.07200810684274273,1.0,0.3478073457139145,1.0,-0.03873980203983135,-0.8758046473805283
-1.0,-1.0,-1.0,-0.8508701366361284,0.02344847800036165,-1.0,3.6770497239549123
1.0,1.0,0.8861023726238721,1.0,1.0,1.0,-8.78341754547872
-1.0,-0.4363059309968568,-1.0,-0.30885231250797884,-0.06234169469004214,-1.0,6.02519532016716
1.0,0.48443573092546677,0.6682023273329564,-0.08092910564383696,1.0,0.054712441747394536,-2.9946143849904474
-0.16146619332516743,-0.9874032430921795,-0.5996642073460319,0.324053361504009,-0.3375856572632929,-0.1531107085526835,-1.2179353649027926
1.0,0.11320686547230152,0.2786246583506884,1.0,1.0,0.7960750675383585,-2.2077453812794143
-0.9842694561472789,-1.0,-0.4469112492921652,-0.8613288281684064,-0.07132907609629155,-0.5251165253524454,-0.6905402684249717
1.0,1.0,0.5665756840586811,1.0,-0.23319831363324095,-0.8635289128610294,5.800788695283683
-1.0,-1.0,-1.0,-0.5637919378714158,0.8080976630828587,-0.29193222494719373,-5.163416133931136
-0.31114277101147236,0.6311666785562218,-0.7291792215306807,0.2749239083955921,0.3079951178740523,1.0,7.247108794872298
0.8069517050094976,-0.8131165545066856,1.0,0.252132311021663,-0.032058372341271735,-0.04008693789830675,2.054556751834549
0.3080849861717311,-0.7198108442981135,0.5069652534871965,0.6199001425402538,0.2775554668356648,1.0,1.890719443168254
-0.1893308166850327,-1.0,0.23676093586666647,-0.6530848768265598,1.0,-0.30864758461969566,3.0108163073720275
-1.0,-0.35193627226552004,-0.7818826540863446,-1.0,1.0,1.0,6.668190402822334
-0.8926004328956276,0.16403613942988654,-1.0,-1.0,1.0,1.0,10.254568839888929
1.0,-1.0,-0.8305629965913761,-0.31394115687686086,-0.2300096604670092,0.14091069566193892,0.01143454523990739
0.1245283992942029,0.2440159705467735,0.9193392345919512,-0.5373543810139296,-0.1190685441949661,-0.6477880911266474,0.942549159863459
1.0,0.07406957438706768,0.6617955357296901,-0.10964011321344003,0.424707862504632,1.0,-0.5389382612820303
0.0900992360072283,-0.04696900675045723,1.0,-0.23616486146936555,0.5626288652651718,1.0,-1.067546499301665
-0.636319374277359,-0.40831343599720316,-0.20045199232886324,-0.7152993869199065,-0.9218548919500074,-0.0033185649760643088,-1.6155526775593703
0.5925429140788867,-0.7079662651325526,0.2730002068117635,-0.34096566931356165,0.23361534078854496,1.0,0.8162440426561848
-0.726197074087845,-0.6394228612842692,0.9839934489390902,-1.0,1.0,0.8792546625866522,-2.2691963456264626
0.5297970506105777,0.31861839075897147,-0.2708897295656578,-0.5876837144105502,1.0,1.0,4.29736727032744
-0.44882884375984144,0.3105066428178681,-0.29086519199988614,-0.8419690745578906,-0.5012991123278523,-0.5793568784407964,0.6662445209939518
-0.5445415112651291,-0.35631893190611563,0.09347505990337082,-0.2559882275721349,0.3550640688747123,-0.9199157443580417,4.784469935706825
-0.06887879413270992,1.0,-0.09672087816086927,1.0,-1.0,-1.0,5.022285361221357
1.0,0.2634833423795264,-0.232374003469948,1.0,1.0,0.6013670089207415,-2.3517080586715156
0.4131551545870158,1.0,0.7954611095899232,1.0,0.6204406789613491,0.2148609741080652,-5.348019583859572
-0.2541291453247388,-0.5127019914090861,-0.4160469781092193,0.1029139665673715,-0.7292927578298305,-0.20430152517158084,-1.1427081039465055
-0.918126528831962,-0.7374927902079531,-0.9937592418840626,-1.0,0.7456752351160519,0.2840062578514939,-3.8641379220279624
-0.7645672917054176,-0.29125891687495986,0.9373259473762929,-0.9618084329794889,0.44566511687406485,1.0,-2.8051299586170777
0.04492503133540149,0.15108267956577204,0.5514999880758118,1.0,-0.4381908411788855,0.008340415538985652,-1.1523590725469088
0.49887769137247917,-0.3522971780977112,0.6715091799914881,-0.20848718084578588,0.34163871503274257,1.0,-0.6880219883858212
0.08865527977793553,0.3686369462676534,0.21109076205021227,-0.32160156295229425,0.3443442125349274,-0.7401601397831112,1.4161781973090735
-0.25291311862664034,-0.9852885611955045,-1.0,0.511916113403998,-0.009005484181526371,1.0,3.7284493330925694
0.7809545000187708,0.8396832798015867,0.10480340555804235,0.9889315876454883,-1.0,0.3792021516495441,3.831454522024866
-1.0,-1.0,-0.19195085089506336,-0.1572695156181042,0.46576205690771677,-0.9521218154161655,5.617150387107835
-0.47608508906340763,-1.0,-0.2557036176917945,-0.8403465269039692,-0.2364124060865332,1.0,-0.5201422628117987
0.5925880770744222,-0.3768025638580833,0.4486048021786681,-0.15276341979721286,-0.11669005961080435,0.9694253548330423,1.678377376915818
0.271296113600945,1.0,0.4424210949455355,0.13033999168710736,1.0,-1.0,0.4931590735705407
1.0,-0.6579654760388081,-0.16551960114266173,0.7640086034835981,0.7165452263676306,1.0,1.9315981994618607
-1.0,0.15539653892318572,-0.7417579901819373,0.013652373366776827,-0.4315613600894565,-0.8273120498317964,1.5029678184175954
1.0,0.561376861886447,1.0,1.0,1.0,-0.46366844463663315,-4.124620780928087
-0.6393241232324549,-0.6395625932001245,0.6464135143509526,0.11747608399207837,0.8270699983958654,0.4726348620214629,0.6160754830062962
-0.902035176094603,-1.0,-0.1085223263115529,-1.0,-0.2895912674673349,-1.0,4.8930025056219
1.0,-0.6259160976907886,0.14758581098026602,0.9924830249733979,0.2580659152503723,-0.6059689570326474,0.1471871982470203
-1.0,-0.23097289076079308,0.13500851517935042,-1.0,-1.0,0.35631750592495837,-0.7656142692049559
-0.379798224491944,-0.43573598028979926,-0.5684059270943501,-0.5677612907595021,1.0,-0.09205836487875,0.08785577142598822
-0.6641131975455179,-0.681106711191459,-1.0,-0.9615904327771546,-0.32096071393550274,1.0,2.896491239799901
1.0,-0.26457237911767106,0.2939228129947114,0.21570504538961194,0.7589300206445195,1.0,-0.38032948059116245
0.4826847063194597,1.0,1.0,0.58669220224624,-0.3912942564236533,1.0,-3.3026944047710307
0.1817156295687431,-1.0,0.4880270824970999,-0.24959451481683648,1.0,0.07334718768398485,0.36501631297130077
-0.8210719103054038,-1.0,-0.08691597345194513,-1.0,1.0,1.0,0.6744918904945978
-1.0,-1.0,-1.0,-1.0,1.0,0.06807480660495432,-7.355973331841711
-1.0,-1.0,-1.0,-1.0,-0.5656345464022989,-0.10306184887943515,-4.9648864178139895
0.3293317954512644,-0.19252483646320928,-0.5669962618804603,-0.7612950780306127,-0.3508040764144242,-1.0,3.180146885857763
-1.0,-0.46447995346395354,-1.0,-0.030151534945772718,-1.0,0.08858732731140134,-3.7280378345436795
-0.8809289566893554,-1.0,0.9294653227222015,0.19681901343137165,1.0,0.7683899703004013,1.911618416149261
0.2362495686263903,0.07452395181403444,-1.0,-0.36313690689275246,-0.32185260817926514,-0.47907456213908894,-0.5643500647194832
-0.05872074112269776,0.49643628664892,0.2811014194069156,1.0,0.17531787252725684,1.0,0.9847711471420919
0.02584227073674028,-1.0,0.885385319151462,0.08004883703690635,-0.2884803254568613,-1.0,6.364914528141917
-0.4252481774211086,-0.3238719485269612,-0.21755224582594973,0.6701928648935969,0.8314811954094119,-0.41320869678495153,1.229607297463543
0.29554100104140224,-0.5909222830871135,-0.3916814562868782,-0.6013746327465417,0.058780149061878006,1.0,1.976546439417356
0.3606433491579508,-0.6882704460666836,-1.0,-0.11122892245231492,0.772376795442663,0.7837376232539552,1.2571029940547551
0.7939308696301499,0.00022609969272419095,-0.38877055625147416,-0.11694207818425584,-0.4232380645946414,1.0,5.095273763674805
-0.33267966223029527,-0.2590844977545769,0.3322772943355642,0.9968960295212206,-0.5594974180928686,-1.0,2.7803867747373046
1.0,0.09527295218286991,1.0,0.26725281762893194,0.8120197770425726,1.0,-5.535152429729425
-0.9369585894395985,-0.8064862669066994,0.8667137223827972,0.1496195688894656,-0.16865511586778492,-0.19097020925787928,1.3853810372006505
1.0,1.0,1.0,0.07048317915586577,-0.3083219736150902,0.07776661753984204,-0.49739018646247013
-0.251615703041959,0.3334474286816418,-0.027717018928858528,-0.14500000841091565,1.0,0.8093418496491831,3.5017552897998163
-0.8196830428720058,-0.9849796960580095,-0.364147978508388,-1.0,1.0,-0.00040268138665955355,-0.5052288056929698
1.0,0.18176370511069107,-0.12310502616315833,1.0,0.13561200651888256,1.0,2.3564647744762657
1.0,0.14240671066712748,-0.8033069279091878,-0.812086242176655,-0.7643069934301311,-1.0,5.384247997480641
-1.0,-0.3625940947760459,0.6621376442968683,-0.02670616710776713,-0.5655088761488607,0.24446178556706993,-2.039986607490929
0.08556851819899819,0.5710490326118265,-0.3576933149195983,1.0,-0.43213367140761605,-0.8054403328860369,2.224970855877222
-0.3095766169686267,1.0,0.09582300321879625,-0.1447102669718905,0.7685568432449676,0.6513454326964693,2.954742685732203
0.7859976417855543,-1.0,0.32650086340005957,-1.0,0.2555206351111018,0.48762823556934454,-0.48549608916840253
-1.0,0.4778594046625736,-0.23860676661443214,-0.9548078205326704,0.5665435475049758,-0.24047685136450003,2.1538460725502975
0.6666689783388409,1.0,0.796377136996291,0.24182175364712422,0.5113783680571509,0.41895853037514086,-2.4947023367004437
-0.48600053770214324,-0.3869625121969755,-0.32431617741639673,-1.0,-1.0,-1.0,2.8524678104524224
0.30212655889252926,-0.5043259499599413,0.8547219960029389,1.0,0.39995312651658055,0.01412058949672268,-1.2690837037044302
1.0,1.0,1.0,-0.0790264866810792,0.2389875111401769,-0.40788413992667816,-1.723088350757384
-0.653903010913047,-0.3718147439072408,-0.6576771228664344,-0.1430359804556418,0.6731713319607925,0.8653331103555975,4.649631162454525
0.2609012561611067,-0.35421439232050944,-0.5623818988573248,-1.0,-1.0,0.19833876798824246,2.5940924534815206
-0.3113358887781536,-0.34013440078931767,0.193361927605335,0.3222069072316692,-0.7158477459228186,0.4541400263966492,-0.3761561736755728
0.12934554733139225,0.8155212481633505,0.7790106296582454,0.8325181022572126,0.7721027199712074,1.0,-1.1369715725209717
-0.5094836058412043,0.09506884919789735,-1.0,-1.0,0.18939313608739383,-1.0,4.0611092075005235
-1.0,-0.05924921718407261,-0.22544155546516964,-1.0,0.17483730481469328,-1.0,3.4673287169752145
1.0,0.9818200146608087,0.6642944454596875,0.5876978173066276,0.3640759755654373,-0.5214709170469273,-0.6386185632052259
0.412209490764491,-0.9752711577479931,-1.0,0.22280123848988753,-1.0,-0.3180244306906527,-0.4505800314783482
-1.0,-0.15690026472816887,0.16826066048281774,-0.7836977902945299,0.5720642016978832,1.0,2.9551655738439995
-0.6746266471171709,0.0084017499401145,0.16801094471493072,-0.33873634481940584,-1.0,-1.0,-1.0443083206833015
0.2212530509604036,-0.181348836069133,-0.09203380750978563,1.0,0.477734492955126,-0.2310581199516498,-0.9666899626986052
-0.14923597613631268,-1.0,-1.0,-0.6477852396651411,1.0,0.4605710900580307,-3.818673382365562
-0.07975388011436935,-0.4341415418635899,-0.5407119580227613,-1.0,0.3297410666656273,0.9598703100001857,1.994592801408684
-0.9334611489162009,-0.9101472790474195,-1.0,-0.3267861471973553,0.22540218293266837,0.8030322762932882,0.32224829024914114
-0.3913330193559008,-1.0,-1.0,-0.6275144213359676,-0.2731509827742547,0.43755625788843105,-2.2179302321103096
0.3755562083154138,0.08234553192821847,1.0,0.5082443225838742,0.16279323672113988,-0.9433506016994595,1.450708444993939
-1.0,-1.0,-0.0735584176320172,-1.0,0.4843075733549811,1.0,-1.3046959065551325
0.7196658408582366,1.0,1.0,1.0,0.0002292436606655679,0.9674780372672951,-5.28297208383603
-0.32952212433016825,-0.7276097137253976,-0.6288341051308872,0.10031207496440597,-0.23292564066598076,-1.0,2.6868441357820014
-0.26266997694462835,0.5086490155114344,1.0,1.0,0.9411549804438109,1.0,-1.92646200195776
-1.0,0.11574882998297487,-1.0,-0.08409033958669437,-0.34576017021955363,0.17516696023220435,-0.6899565729745745
0.4070302769592624,-1.0,-0.21116377691694188,0.03020593974473007,-1.0,-0.612252725088493,3.0520657867085292
-0.5838556182988579,-0.6272128192399091,0.310682413657374,0.5389337602664888,-0.3966757615484813,0.9596505200434189,0.23434931344598295
0.8177993450289711,1.0,0.5841402228173798,0.3784707382356407,-1.0,-0.8519555910943883,3.624315805325935
1.0,0.5461766460308781,-0.1932775772352056,0.6457864983086676,0.7679641928655174,-0.7205085706458474,0.027075799327266947
-0.5752171588923267,-0.4188119422895023,1.0,1.0,-0.09905630534329068,1.0,-2.8401956286320433
-1.0,-1.0,-0.843737395458122,-1.0,-0.15530869735179065,1.0,-2.8857411928068695
0.9679764411334095,1.0,-0.03188218589237124,0.6895320823625286,0.06318325157001192,0.9520116911600494,2.285171538988038
1.0,1.0,0.9558730752130173,1.0,-1.0,0.38081805902006777,3.6917945552854308
-1.0,-0.7047999186744428,0.032980487153683014,0.3340386146131685,0.26100705478482783,-0.3645977439530368,1.2358405326969055
0.8968517313690011,1.0,-0.024507367879795017,0.48649065871902997,-0.574202511277708,0.4734117566799364,2.9719235462774494
-0.378391878625598,0.2980057104388152,-0.5513270168664158,-0.46111966505052315,-0.19349306809454658,-1.0,2.527509820688016
1.0,0.7935845981717202,-0.2386935150291153,1.0,-1.0,-0.9837579629642654,10.126596118875177
